,0,1
0,isi,4922
1,say,3650
2,claim,3403
3,u,3276
4,foley,3222
5,journalist,2858
6,michael,2647
7,james,2637
8,state,2622
9,haram,2435
10,video,2431
11,brown,2416
12,american,2343
13,report,2245
14,man,2141
15,ebola,2042
16,leader,2034
17,audio,1909
18,militant,1894
19,reportedly,1811
20,shooting,1797
21,fighter,1774
22,watch,1736
23,steve,1730
24,killed,1684
25,job,1645
26,shot,1630
27,apple,1618
28,girl,1562
29,kidnapped,1558
30,ceasefire,1502
31,kim,1459
32,missing,1450
33,wright,1447
34,islamic,1403
35,boko,1396
36,new,1359
37,dead,1343
38,woman,1335
39,hoax,1239
40,play,1221
41,beheading,1170
42,bale,1136
43,show,1128
44,beheads,1123
45,border,1108
46,may,1092
47,death,1069
48,release,1061
49,caught,1059
50,student,1054
51,john,993
52,beheaded,987
53,alleged,983
54,stolen,982
55,official,973
56,captured,971
57,syria,959
58,jongun,939
59,recording,938
60,meteorite,937
61,attack,904
62,weapon,896
63,denies,878
64,photojournalist,867
65,iraq,850
66,spider,848
67,rumor,847
68,god,846
69,medium,838
70,hostage,780
71,contracted,753
72,nicaragua,751
73,war,732
74,rat,724
75,identified,722
76,could,703
77,get,699
78,found,693
79,penis,689
80,school,687
81,rapper,680
82,north,670
83,soldier,656
84,made,655
85,biopic,655
86,baby,651
87,news,649
88,world,648
89,ankle,648
90,batmobile,637
91,korea,636
92,day,627
93,skin,627
94,air,621
95,case,607
96,allegedly,607
97,year,605
98,jihadi,604
99,million,600
100,truce,599
101,homeless,597
102,mass,596
103,office,582
104,deal,576
105,open,566
106,schoolgirl,566
107,condom,562
108,least,560
109,emwazi,559
110,sister,545
111,launch,545
112,jong,542
113,boy,541
114,vogue,536
115,city,534
116,fear,526
117,time,524
118,london,521
119,crater,517
120,son,514
121,terrorist,514
122,ottawa,513
123,banksy,510
124,mohammed,507
125,strike,505
126,100,504
127,capital,502
128,service,497
129,spice,492
130,parliament,490
131,said,485
132,wife,485
133,burrowed,484
134,go,475
135,first,470
136,near,469
137,fired,467
138,pregnant,466
139,albaghdadi,466
140,rogen,466
141,lebanon,464
142,girlfriend,461
143,reveals,460
144,restaurant,459
145,arrested,458
146,confirms,457
147,internet,456
148,message,455
149,named,454
150,grave,453
151,wood,453
152,take,447
153,abu,442
154,bakr,442
155,iraqi,442
156,airport,441
157,big,440
158,korean,438
159,fake,435
160,zehafbibeau,430
161,culkin,429
162,gold,428
163,airstrike,428
164,died,426
165,priest,425
166,talk,423
167,terror,422
168,group,421
169,behead,421
170,un,417
171,cut,417
172,set,417
173,rosenberg,415
174,female,414
175,suspect,410
176,gunman,410
177,live,409
178,castro,409
179,arrest,406
180,dy,405
181,mob,403
182,government,400
183,rescue,399
184,parent,398
185,minute,398
186,6,398
187,house,397
188,make,396
189,give,396
190,airdrop,395
191,abdel,394
192,christian,393
193,viral,393
194,nigerian,393
195,pumpkin,392
196,life,383
197,star,382
198,v,381
199,drone,381
200,kill,380
201,suspected,380
202,trying,378
203,capture,378
204,security,377
205,stomach,377
206,trip,376
207,find,372
208,health,371
209,macbook,371
210,managua,370
211,canadian,367
212,got,366
213,mexico,366
214,work,362
215,jonguns,361
216,scar,359
217,nigeria,356
218,detroit,355
219,coming,354
220,bank,353
221,iphone,353
222,hank,352
223,gang,352
224,want,351
225,married,351
226,leaf,351
227,killer,351
228,moment,349
229,tv,349
230,mexican,348
231,story,347
232,haines,345
233,shock,343
234,british,343
235,hospital,342
236,wozniak,342
237,post,341
238,birth,338
239,released,337
240,chop,337
241,surgery,336
242,superman,336
243,victim,335
244,scotland,335
245,worker,335
246,abducted,335
247,10,334
248,police,334
249,virus,334
250,bary,333
251,dog,328
252,marijuana,328
253,one,327
254,people,326
255,mosul,326
256,jihadist,325
257,head,323
258,body,323
259,memorial,320
260,wintour,319
261,steel,319
262,end,317
263,fall,316
264,chief,316
265,despite,312
266,reported,311
267,truck,310
268,attempt,309
269,graf,307
270,911,307
271,back,305
272,48,305
273,detained,303
274,expert,301
275,batman,301
276,west,300
277,child,299
278,11,298
279,real,297
280,movie,297
281,app,296
282,yemen,296
283,kurd,295
284,anna,295
285,test,294
286,name,293
287,marine,293
288,hit,293
289,doubt,292
290,among,292
291,spends,292
292,57,288
293,hand,287
294,72,287
295,somalia,284
296,isnt,283
297,infestation,283
298,edition,282
299,taliban,281
300,burrow,279
301,plumber,279
302,isil,278
303,contract,277
304,libyan,276
305,customer,274
306,actor,272
307,williams,272
308,failed,272
309,store,271
310,never,270
311,photo,269
312,12inch,269
313,duncan,269
314,former,266
315,violence,264
316,youtube,264
317,executed,264
318,daughter,262
319,killing,262
320,tape,262
321,like,261
322,congressman,261
323,gill,261
324,gunfire,260
325,execution,260
326,hair,259
327,bergdahl,258
328,phelps,258
329,use,257
330,apparently,257
331,500,256
332,facebook,254
333,executioner,253
334,rose,253
335,going,252
336,rapist,251
337,suitcase,251
338,stock,249
339,plane,249
340,upcoming,249
341,getting,248
342,obama,248
343,texas,247
344,family,247
345,dinner,247
346,nicaraguan,247
347,around,243
348,tell,243
349,david,243
350,company,242
351,somers,242
352,uk,241
353,guard,241
354,jet,241
355,abandoned,241
356,cofounder,241
357,keep,240
358,fire,240
359,across,240
360,jetliner,239
361,problem,238
362,airdropped,238
363,murder,236
364,another,235
365,didnt,234
366,showing,234
367,source,234
368,station,233
369,raise,232
370,albaghdadis,232
371,home,231
372,week,230
373,believed,230
374,secret,230
375,drug,229
376,york,228
377,canadianisraeli,228
378,sniper,226
379,300000,226
380,tiger,225
381,dumped,225
382,justice,224
383,come,223
384,twitter,222
385,guy,222
386,sergeantatarms,222
387,fidel,221
388,still,219
389,teen,219
390,appendix,219
391,force,217
392,rape,217
393,kobani,217
394,trade,217
395,surfaced,216
396,kurdish,216
397,high,215
398,complaining,215
399,right,214
400,safe,214
401,appears,214
402,food,213
403,2015,213
404,pain,213
405,site,213
406,dictator,212
407,five,212
408,training,212
409,free,211
410,wake,211
411,confirmed,211
412,jumper,211
413,pay,210
414,massacre,210
415,holiday,209
416,pause,208
417,entire,208
418,putin,207
419,look,205
420,white,205
421,mother,204
422,issue,204
423,8,204
424,icloud,204
425,really,203
426,everyone,203
427,model,203
428,bali,202
429,impact,201
430,month,201
431,pilot,200
432,christmas,200
433,plan,199
434,member,198
435,thing,198
436,thomas,198
437,america,197
438,stop,197
439,teletubbies,197
440,foleys,197
441,making,196
442,arent,196
443,center,196
444,building,194
445,used,193
446,heaven,191
447,probably,191
448,yojong,191
449,kfc,191
450,smith,190
451,return,190
452,sell,190
453,holding,190
454,nelson,190
455,camera,189
456,slap,189
457,catholic,188
458,false,188
459,young,186
460,shes,185
461,hasnt,185
462,airstrikes,185
463,good,184
464,chlorine,184
465,24,184
466,hunter,182
467,know,180
468,user,180
469,meat,180
470,turn,179
471,went,179
472,letter,179
473,magneto,179
474,stainless,179
475,plant,178
476,cast,178
477,300,178
478,fractured,178
479,cnn,177
480,part,176
481,document,176
482,5000,176
483,patient,176
484,nyc,175
485,io,175
486,purport,175
487,londoner,175
488,bird,174
489,saudi,173
490,snowman,172
491,testicle,172
492,king,171
493,islamist,171
494,role,171
495,identify,171
496,hunt,171
497,belonging,171
498,5,170
499,born,170
500,three,170
501,claiming,170
502,meant,170
503,ticket,169
504,cleaver,169
505,aid,168
506,burger,168
507,see,167
508,revealed,167
509,artist,167
510,thought,166
511,power,166
512,fence,166
513,shooter,165
514,charlie,165
515,cross,164
516,syrian,164
517,dawn,164
518,commercial,163
519,flying,163
520,gunshot,162
521,snow,162
522,outraged,161
523,usmexico,161
524,southern,160
525,sex,160
526,domestic,160
527,detainee,160
528,vow,160
529,stay,159
530,cost,159
531,boston,159
532,tour,159
533,possession,159
534,seized,159
535,behind,158
536,spotted,158
537,feature,158
538,absence,158
539,local,157
540,probing,157
541,break,156
542,put,156
543,charge,156
544,43,156
545,scorpion,156
546,bomb,156
547,untrue,156
548,pope,155
549,tried,155
550,spark,155
551,swapped,155
552,bug,154
553,angry,154
554,warning,154
555,sugarhill,154
556,19,153
557,mike,153
558,gop,152
559,horrific,152
560,murdered,152
561,aged,152
562,updated,152
563,abdelmajed,152
564,seidel,152
565,running,151
566,throw,151
567,symptom,151
568,control,150
569,market,150
570,4,150
571,burrowing,150
572,discovered,150
573,face,149
574,gun,149
575,brian,149
576,ripped,149
577,comcast,149
578,wont,148
579,darkness,148
580,drop,148
581,exclusive,148
582,streaming,147
583,zeppelin,147
584,gas,146
585,held,146
586,2012,146
587,known,145
588,2014,145
589,including,145
590,teenager,145
591,tor,145
592,blast,145
593,men,144
594,help,144
595,date,144
596,hill,144
597,chinese,144
598,caused,143
599,possible,143
600,25,143
601,snyder,143
602,bowe,143
603,kansa,143
604,spending,142
605,awakens,142
606,try,141
607,social,141
608,skipped,141
609,broken,140
610,fabricated,140
611,whether,140
612,panel,140
613,breached,140
614,crossing,140
615,platinum,140
616,dont,139
617,sun,139
618,fighting,139
619,male,139
620,employee,139
621,catfish,139
622,14,139
623,400,139
624,nbc,139
625,sneezing,139
626,electric,139
627,canseco,138
628,ten,138
629,accidentally,137
630,capsule,137
631,britishborn,137
632,sweep,137
633,hebdo,136
634,agreed,136
635,rep,136
636,weatherman,136
637,battery,136
638,canada,135
639,even,135
640,mushroom,135
641,extremist,135
642,breaking,134
643,helmet,134
644,serving,134
645,doesnt,133
646,offer,133
647,shoot,133
648,red,133
649,pga,133
650,seven,133
651,survives,133
652,youngest,133
653,delivery,133
654,step,132
655,cleric,132
656,vickers,132
657,ill,131
658,kid,131
659,200,131
660,using,131
661,two,131
662,planning,131
663,next,130
664,actually,130
665,lead,130
666,record,130
667,island,130
668,infected,130
669,lego,130
670,battle,130
671,update,130
672,urinating,130
673,much,129
674,investigates,129
675,sonys,129
676,slain,129
677,vega,129
678,apps,129
679,surprise,128
680,mysterious,128
681,seth,128
682,yo,128
683,read,128
684,save,127
685,hero,127
686,opening,127
687,away,126
688,image,126
689,way,126
690,key,126
691,naked,126
692,pet,126
693,chemical,126
694,priced,126
695,denounces,126
696,fly,125
697,protest,125
698,turkey,125
699,trading,125
700,nightly,125
701,rumour,125
702,bad,124
703,likely,124
704,phone,124
705,debunked,124
706,woz,124
707,francis,124
708,buckingham,124
709,palace,124
710,nasa,124
711,walk,123
712,might,123
713,treatment,123
714,cause,123
715,obamas,122
716,libya,122
717,last,121
718,remembered,121
719,brave,121
720,tireless,121
721,messaging,121
722,small,121
723,rumored,121
724,paradise,121
725,rise,120
726,selling,120
727,president,120
728,purported,120
729,exwife,120
730,meteorologist,120
731,instead,119
732,taking,119
733,evil,118
734,summer,118
735,buy,118
736,eating,118
737,criminal,117
738,posted,117
739,fatwa,117
740,love,116
741,100000,116
742,vladimir,116
743,4000,116
744,need,115
745,supply,115
746,detail,115
747,us,115
748,website,115
749,paid,114
750,far,114
751,inside,114
752,seinfeld,114
753,twin,114
754,boyfriend,114
755,raid,114
756,feed,113
757,wasnt,113
758,heard,113
759,tourist,113
760,december,113
761,crawled,113
762,asteroid,113
763,western,112
764,late,112
765,living,112
766,cuba,112
767,predator,112
768,mortgage,112
769,witness,111
770,robert,111
771,luke,111
772,peeing,111
773,deadly,111
774,told,110
775,graphic,110
776,goldfish,110
777,entering,110
778,investigating,110
779,start,109
780,n,109
781,threat,109
782,gender,109
783,course,109
784,appear,109
785,shocking,109
786,led,109
787,bid,109
788,catch,108
789,idea,108
790,freed,108
791,injured,108
792,met,108
793,kobane,108
794,secretly,108
795,airliner,108
796,majed,108
797,threatens,108
798,hold,107
799,duty,107
800,extra,107
801,powerful,107
802,bin,107
803,scottish,107
804,contact,107
805,colorado,106
806,fiveday,106
807,headshot,106
808,retina,106
809,outbreak,106
810,would,105
811,almost,105
812,ceo,105
813,abducting,105
814,baghdadi,105
815,eat,104
816,delete,104
817,suspended,104
818,intersex,104
819,genitals,104
820,gift,103
821,spend,103
822,california,103
823,ban,103
824,rebel,103
825,castrate,103
826,become,102
827,2000,102
828,fact,102
829,owner,102
830,ministry,102
831,kevin,102
832,cub,102
833,town,101
834,drive,101
835,paul,101
836,15,101
837,discovers,101
838,johnson,101
839,idf,101
840,intervention,100
841,800,100
842,manhattan,100
843,crisis,100
844,26,100
845,identity,99
846,google,99
847,translate,99
848,street,99
849,tribute,99
850,sacked,99
851,abrams,99
852,latest,99
853,dhs,99
854,railway,99
855,ripping,99
856,straight,99
857,chest,98
858,campus,98
859,valley,98
860,massage,98
861,blamed,98
862,farther,98
863,looking,97
864,tropical,97
865,20,97
866,30,97
867,military,97
868,danny,97
869,boyle,97
870,father,96
871,age,96
872,hope,96
873,device,96
874,friend,96
875,others,96
876,mac,96
877,somali,96
878,constipated,96
879,droppings,96
880,michelle,95
881,brickandmortar,95
882,rudd,95
883,durex,95
884,contains,95
885,anniversary,95
886,earth,94
887,feminist,94
888,intercepted,94
889,toy,94
890,quits,94
891,ahead,94
892,important,93
893,film,93
894,overweight,93
895,wine,93
896,feb,93
897,february,93
898,eye,92
899,true,92
900,saying,92
901,mom,92
902,fat,92
903,fault,92
904,1970s,92
905,africa,92
906,butcher,92
907,superpower,92
908,guide,91
909,intelligence,91
910,united,91
911,tonight,91
912,agent,91
913,eleven,91
914,final,91
915,volley,91
916,due,90
917,tip,90
918,bullet,90
919,adsupported,90
920,pooped,90
921,mueller,90
922,officer,90
923,sneeze,90
924,shane,90
925,2,89
926,confirm,89
927,event,89
928,fight,89
929,robot,89
930,fan,89
931,espn,89
932,tripoli,89
933,suspension,89
934,forced,88
935,choice,88
936,patrol,88
937,bombing,88
938,ordered,88
939,fencejumper,88
940,national,87
941,mean,87
942,per,87
943,al,87
944,celebrity,87
945,line,87
946,13,87
947,college,87
948,launching,87
949,oldest,87
950,silicon,87
951,authenticated,87
952,mcdonalds,87
953,3,86
954,equality,86
955,physical,86
956,bugatti,86
957,snake,86
958,linked,86
959,lunch,86
960,picture,85
961,talking,85
962,thanks,85
963,quarter,85
964,pounder,85
965,contest,85
966,announces,85
967,bosnian,85
968,bed,85
969,prize,85
970,audiotape,85
971,shootingmilitarization,85
972,today,84
973,veyron,84
974,rebuff,84
975,spent,84
976,cartoon,84
977,mourn,84
978,law,83
979,public,83
980,experience,83
981,brokaw,83
982,backfromthedead,83
983,containing,83
984,signed,83
985,certificate,83
986,unflinching,83
987,debunks,83
988,gave,82
989,cant,82
990,tear,82
991,meet,82
992,attacker,82
993,israeli,82
994,apprehended,82
995,jj,82
996,solved,82
997,causing,81
998,pass,81
999,secure,81
1000,showerproof,81
1001,sale,81
1002,reunion,81
1003,struck,81
1004,creature,81
1005,investigation,81
1006,feared,80
1007,happened,80
1008,train,80
1009,showed,80
1010,turned,80
1011,total,80
1012,according,80
1013,microsofts,80
1014,isis,80
1015,axl,80
1016,pull,80
1017,scanner,80
1018,castrated,79
1019,blur,79
1020,raised,79
1021,jordan,79
1022,911style,79
1023,sign,78
1024,fade,78
1025,ever,78
1026,lived,78
1027,march,78
1028,kayla,78
1029,41,78
1030,seize,78
1031,place,77
1032,amazing,77
1033,cat,77
1034,hospitalized,77
1035,debut,77
1036,circling,77
1037,nicknamed,77
1038,wolf,77
1039,action,76
1040,1,76
1041,soon,76
1042,took,76
1043,zero,76
1044,exposed,76
1045,gaza,76
1046,dam,76
1047,receives,76
1048,anyway,76
1049,fox,76
1050,apparent,76
1051,care,75
1052,longer,75
1053,front,75
1054,administration,75
1055,cheating,75
1056,shopper,75
1057,conscience,75
1058,titled,75
1059,suggests,75
1060,redwood,75
1061,mi5,75
1062,pot,75
1063,past,74
1064,considered,74
1065,40,74
1066,hairgate,74
1067,terrorism,74
1068,reach,74
1069,jeopardy,74
1070,indian,74
1071,stopped,73
1072,lost,73
1073,india,73
1074,area,73
1075,seen,73
1076,concern,73
1077,called,73
1078,add,73
1079,ceiling,73
1080,cite,73
1081,aborted,73
1082,complaint,73
1083,attempted,73
1084,headquarters,73
1085,freak,73
1086,poop,73
1087,unconfirmed,73
1088,italy,73
1089,aircraft,73
1090,cook,73
1091,later,72
1092,attorney,72
1093,sharing,72
1094,reporter,72
1095,thinner,72
1096,ate,72
1097,keyboard,72
1098,filmed,72
1099,agrees,72
1100,appalled,72
1101,jose,72
1102,frontman,72
1103,swimmer,72
1104,main,72
1105,reservation,72
1106,treated,71
1107,display,71
1108,cease,71
1109,verifies,71
1110,timing,71
1111,ferguson,71
1112,mask,71
1113,ahmed,71
1114,abdi,71
1115,godane,71
1116,disease,70
1117,needed,70
1118,nearly,70
1119,deny,70
1120,closer,70
1121,organisation,70
1122,hack,70
1123,accidental,70
1124,decrease,70
1125,gravity,70
1126,version,70
1127,antiislamic,70
1128,bnonews,70
1129,40foot,70
1130,bring,69
1131,he,69
1132,theory,69
1133,brother,69
1134,surprised,69
1135,riot,69
1136,stone,69
1137,miraculously,69
1138,revived,69
1139,revelation,69
1140,broadcast,69
1141,reached,69
1142,smartwatch,69
1143,squished,69
1144,debunk,69
1145,manhood,69
1146,israelicanadian,69
1147,lethal,69
1148,undergoes,69
1149,deeper,68
1150,civilian,68
1151,dollar,68
1152,relying,68
1153,homophobe,68
1154,file,68
1155,pumpkinspice,68
1156,kidnap,68
1157,afghanistan,68
1158,suffering,68
1159,unearthed,68
1160,run,67
1161,flood,67
1162,car,67
1163,youve,67
1164,9,67
1165,medical,67
1166,kenya,67
1167,bosnia,67
1168,herzegovina,67
1169,done,66
1170,hell,66
1171,wear,66
1172,abortion,66
1173,arm,66
1174,dallas,66
1175,chilling,66
1176,seeing,66
1177,probe,66
1178,hundred,66
1179,tissue,66
1180,handy,66
1181,taken,66
1182,explains,66
1183,usmexican,66
1184,personally,66
1185,price,66
1186,variant,66
1187,insists,66
1188,previously,66
1189,whisperer,66
1190,nast,66
1191,response,65
1192,happy,65
1193,think,65
1194,comment,65
1195,april,65
1196,strange,65
1197,trail,65
1198,bendgate,65
1199,blurred,65
1200,catching,65
1201,jinny,65
1202,jess,65
1203,slam,65
1204,flown,65
1205,amid,65
1206,steal,64
1207,saved,64
1208,game,64
1209,well,64
1210,check,64
1211,prison,64
1212,fell,64
1213,fund,64
1214,10000,64
1215,dump,64
1216,unmasked,64
1217,meteorwrong,64
1218,jims,64
1219,diane,64
1220,confusing,64
1221,recently,64
1222,departed,64
1223,odinga,64
1224,nairobi,64
1225,redesigned,64
1226,nothing,63
1227,ago,63
1228,sam,63
1229,alignment,63
1230,jan,63
1231,puzzle,63
1232,300k,63
1233,doubtful,63
1234,eaten,63
1235,499,63
1236,pit,63
1237,limit,63
1238,song,62
1239,early,62
1240,pricing,62
1241,boom,62
1242,ignored,62
1243,marathon,62
1244,definitely,62
1245,britain,62
1246,follower,62
1247,german,62
1248,dupe,62
1249,someone,61
1250,cure,61
1251,footage,61
1252,alqaeda,61
1253,cesar,61
1254,pledge,61
1255,seeking,60
1256,yet,60
1257,scare,60
1258,giving,60
1259,question,60
1260,disgusting,60
1261,land,60
1262,risk,60
1263,massive,60
1264,agree,60
1265,leave,60
1266,flare,60
1267,borno,60
1268,alan,60
1269,incorrect,60
1270,seizing,60
1271,english,60
1272,account,60
1273,quit,60
1274,donation,60
1275,arabia,60
1276,policy,59
1277,career,59
1278,university,59
1279,asks,59
1280,crack,59
1281,outlet,59
1282,developer,59
1283,illness,59
1284,7,59
1285,creates,59
1286,16footdeep,59
1287,teenage,59
1288,spreading,59
1289,depravity,59
1290,seemingly,59
1291,agreement,59
1292,human,58
1293,present,58
1294,sound,58
1295,wrong,58
1296,statement,58
1297,shouldnt,58
1298,meal,58
1299,hearing,58
1300,16,58
1301,bailed,58
1302,swap,58
1303,reserve,58
1304,baseball,58
1305,elaborate,58
1306,husband,57
1307,hour,57
1308,partial,57
1309,bomber,57
1310,severely,57
1311,australian,57
1312,lighter,57
1313,28,57
1314,winner,57
1315,apartment,57
1316,fisherman,57
1317,rare,57
1318,web,57
1319,hotel,57
1320,1795,57
1321,paler,57
1322,lin,57
1323,greeted,57
1324,rousing,57
1325,standing,57
1326,ovation,57
1327,heroically,57
1328,size,56
1329,insisting,56
1330,top,56
1331,citizen,56
1332,coat,56
1333,neighbor,56
1334,reallife,56
1335,sophies,56
1336,fate,56
1337,unclear,56
1338,cobra,56
1339,trouser,56
1340,glenn,56
1341,beck,56
1342,giant,56
1343,iconic,56
1344,circulates,56
1345,quarantined,56
1346,follows,56
1347,metal,56
1348,wintours,56
1349,desk,56
1350,person,55
1351,create,55
1352,politician,55
1353,bos,55
1354,refuse,55
1355,weightlessness,55
1356,fur,55
1357,broke,55
1358,judd,55
1359,giggling,55
1360,abdullah,55
1361,martyr,54
1362,strip,54
1363,winning,54
1364,fill,54
1365,working,54
1366,night,54
1367,protester,54
1368,reunite,54
1369,material,54
1370,mystery,54
1371,nun,54
1372,monitoring,54
1373,pm,54
1374,bunch,54
1375,fb,54
1376,fucked,54
1377,appreciate,53
1378,begin,53
1379,improved,53
1380,object,53
1381,paint,53
1382,emerge,53
1383,felled,53
1384,jr,53
1385,pew,53
1386,funeral,53
1387,monitor,53
1388,bunbury,53
1389,dylan,53
1390,stomachspider,53
1391,mission,53
1392,speed,53
1393,75,53
1394,vice,53
1395,package,53
1396,lover,53
1397,monster,53
1398,swirl,53
1399,murky,53
1400,10yearold,53
1401,frisco,53
1402,pizza,53
1403,overdose,53
1404,17,53
1405,anticorruption,53
1406,rounded,53
1407,let,52
1408,contacted,52
1409,happening,52
1410,speech,52
1411,hillaryclinton,52
1412,flame,52
1413,52,52
1414,condemns,52
1415,patrolling,52
1416,staged,52
1417,blonde,52
1418,resignation,52
1419,television,52
1420,terrorise,52
1421,prove,52
1422,passport,52
1423,russian,52
1424,safari,52
1425,2010,52
1426,shocker,52
1427,dozen,52
1428,arresting,52
1429,hunted,52
1430,revere,52
1431,waterproofing,52
1432,punk,52
1433,business,51
1434,via,51
1435,worse,51
1436,authentic,51
1437,rough,51
1438,kidnapping,51
1439,emerges,51
1440,viewer,51
1441,allegation,51
1442,minor,51
1443,millan,51
1444,enough,50
1445,without,50
1446,fuel,50
1447,private,50
1448,failure,50
1449,faked,50
1450,mode,50
1451,aussie,50
1452,explosion,50
1453,mall,50
1454,statebacked,50
1455,hunting,50
1456,assertion,50
1457,replaced,50
1458,categorically,50
1459,sensation,50
1460,bizarre,50
1461,queen,49
1462,became,49
1463,rest,49
1464,thats,49
1465,yes,49
1466,full,49
1467,shower,49
1468,suit,49
1469,player,49
1470,dropped,49
1471,dine,49
1472,intends,49
1473,cawthorne,49
1474,eggnog,49
1475,zack,49
1476,driver,49
1477,room,48
1478,civil,48
1479,servant,48
1480,filled,48
1481,amount,48
1482,suicide,48
1483,option,48
1484,spread,48
1485,tom,48
1486,fbi,48
1487,handed,48
1488,potentially,48
1489,damning,48
1490,1974,48
1491,ped,48
1492,wa,48
1493,old,47
1494,awesome,47
1495,point,47
1496,cancer,47
1497,fast,47
1498,voicemail,47
1499,72m,47
1500,revenge,47
1501,hazmat,47
1502,grows,47
1503,billion,47
1504,shabaab,47
1505,ran,47
1506,floor,47
1507,confirming,47
1508,denying,47
1509,0,46
1510,heart,46
1511,alongside,46
1512,announcement,46
1513,hillary,46
1514,resident,46
1515,complain,46
1516,fed,46
1517,stunt,46
1518,uncle,46
1519,taunt,46
1520,identifies,46
1521,cuban,46
1522,dj,46
1523,january,46
1524,analyst,46
1525,taibbi,46
1526,gained,46
1527,superhero,46
1528,kin,46
1529,bail,46
1530,bogus,46
1531,allmale,46
1532,impress,46
1533,mtv,46
1534,remains,46
1535,unclaimed,46
1536,joker,46
1537,kevlar,46
1538,occupational,46
1539,license,46
1540,peace,45
1541,pretty,45
1542,setting,45
1543,finally,45
1544,saving,45
1545,forget,45
1546,responsible,45
1547,bush,45
1548,passing,45
1549,banned,45
1550,zehaf,45
1551,bibeau,45
1552,fido,45
1553,eric,45
1554,charging,45
1555,forthcoming,45
1556,12,44
1557,heavy,44
1558,dismissed,44
1559,kept,44
1560,awry,44
1561,disney,44
1562,castration,44
1563,yeti,44
1564,bigfoot,44
1565,graffiti,44
1566,martyred,44
1567,hussein,44
1568,selfproclaimed,44
1569,briton,44
1570,snyders,44
1571,purdon,44
1572,clint,44
1573,beginning,44
1574,1115,44
1575,move,43
1576,understand,43
1577,joy,43
1578,space,43
1579,pulling,43
1580,online,43
1581,totally,43
1582,lawsuit,43
1583,several,43
1584,injury,43
1585,exit,43
1586,severed,43
1587,proposal,43
1588,parental,43
1589,neglect,43
1590,rerun,43
1591,piss,43
1592,gunned,43
1593,dulles,43
1594,reset,43
1595,darren,43
1596,wilson,43
1597,aide,43
1598,lawmaker,43
1599,garden,43
1600,datereport,43
1601,credit,43
1602,trader,43
1603,spun,43
1604,bloke,43
1605,dared,43
1606,20yearold,43
1607,charity,43
1608,centre,43
1609,18karat,43
1610,nextgeneration,43
1611,probable,43
1612,breakup,43
1613,la,43
1614,nation,42
1615,great,42
1616,mark,42
1617,incredible,42
1618,morning,42
1619,wearing,42
1620,felt,42
1621,list,42
1622,rubbish,42
1623,hollywood,42
1624,dying,42
1625,cruel,42
1626,order,42
1627,housesized,42
1628,migs,42
1629,clinically,42
1630,walsham,42
1631,vet,42
1632,crawl,42
1633,rushed,42
1634,los,42
1635,angeles,42
1636,condo,42
1637,tipespecially,42
1638,complains,42
1639,arbor,42
1640,4999,42
1641,radically,42
1642,huh,42
1643,coalition,42
1644,youll,41
1645,marriage,41
1646,disappear,41
1647,poor,41
1648,insane,41
1649,saw,41
1650,walking,41
1651,email,41
1652,lied,41
1653,reduce,41
1654,six,41
1655,ny,41
1656,rip,41
1657,chunk,41
1658,hbo,41
1659,manipulate,41
1660,ranking,41
1661,topic,41
1662,park,41
1663,nathan,41
1664,cirillo,41
1665,gitmo,41
1666,ebolalike,41
1667,intense,41
1668,dragging,41
1669,spin,41
1670,scientist,40
1671,tweet,40
1672,debate,40
1673,winter,40
1674,trigger,40
1675,fun,40
1676,rightwing,40
1677,delivered,40
1678,lianne,40
1679,chandler,40
1680,scene,40
1681,surround,40
1682,texasmexico,40
1683,attributed,40
1684,stronghold,40
1685,vii,40
1686,network,40
1687,ballooning,40
1688,numerous,40
1689,walkabout,40
1690,pr,40
1691,weird,40
1692,obese,40
1693,possibly,40
1694,slapper,40
1695,theft,40
1696,carpet,40
1697,rodent,40
1698,transferred,40
1699,cool,39
1700,founder,39
1701,completely,39
1702,self,39
1703,article,39
1704,misinformation,39
1705,literally,39
1706,15month,39
1707,meeting,39
1708,detains,39
1709,sharia,39
1710,tribunal,39
1711,dismisses,39
1712,unfounded,39
1713,famous,39
1714,vacationer,39
1715,warplane,39
1716,trick,39
1717,fiction,39
1718,guru,39
1719,fails,38
1720,vacation,38
1721,target,38
1722,amazon,38
1723,cheese,38
1724,havent,38
1725,weekend,38
1726,dera,38
1727,farrell,38
1728,rajasthan,38
1729,aided,38
1730,antiaircraft,38
1731,exec,38
1732,popped,38
1733,blackjack,38
1734,motorcade,38
1735,liveshot,38
1736,dig,38
1737,swarming,38
1738,warns,38
1739,32yearold,38
1740,doctored,38
1741,must,37
1742,bill,37
1743,pie,37
1744,supporter,37
1745,addiction,37
1746,moscow,37
1747,felon,37
1748,samsung,37
1749,swedish,37
1750,villa,37
1751,crossed,37
1752,storage,37
1753,overrun,37
1754,teacher,37
1755,furious,37
1756,chewing,37
1757,couture,37
1758,71,37
1759,feel,36
1760,horizon,36
1761,teach,36
1762,hard,36
1763,pissed,36
1764,instagram,36
1765,kardashians,36
1766,weed,36
1767,removing,36
1768,eliminating,36
1769,large,36
1770,mum,36
1771,sparking,36
1772,underwent,36
1773,repair,36
1774,marvel,36
1775,le,35
1776,chill,35
1777,huge,35
1778,existed,35
1779,quebec,35
1780,porn,35
1781,socialmedia,35
1782,ending,35
1783,truly,35
1784,abuse,35
1785,bundle,35
1786,bullshit,35
1787,bc,35
1788,refute,35
1789,sorkin,35
1790,guess,35
1791,100watch,35
1792,touching,35
1793,ex,35
1794,confusion,35
1795,infested,35
1796,watford,35
1797,unfortunately,35
1798,luxury,35
1799,search,35
1800,hailed,35
1801,sighting,35
1802,trademark,35
1803,sunglass,35
1804,ratinfested,35
1805,rock,34
1806,calling,34
1807,reason,34
1808,send,34
1809,threatened,34
1810,nice,34
1811,bear,34
1812,abort,34
1813,warfare,34
1814,rampage,34
1815,prosecutor,34
1816,1st,34
1817,newspaper,34
1818,schoolboy,34
1819,ended,34
1820,nypd,34
1821,offense,34
1822,pour,34
1823,trained,34
1824,assumes,34
1825,monday,33
1826,paris,33
1827,writing,33
1828,okay,33
1829,washington,33
1830,communist,33
1831,disturbing,33
1832,250000,33
1833,publish,33
1834,pitbull,33
1835,polar,33
1836,asbo,33
1837,avoiding,33
1838,replaces,33
1839,contingency,33
1840,developed,33
1841,discretion,33
1842,ayr,33
1843,relax,33
1844,35yearold,33
1845,circulate,33
1846,jerusalem,33
1847,cache,33
1848,deed,33
1849,horrifying,33
1850,terroristheld,33
1851,iguala,33
1852,join,32
1853,change,32
1854,greatest,32
1855,israel,32
1856,burn,32
1857,seems,32
1858,wind,32
1859,racist,32
1860,laugh,32
1861,partner,32
1862,improve,32
1863,attractive,32
1864,leg,32
1865,bodily,32
1866,dan,32
1867,responds,32
1868,titchmarsh,32
1869,kims,32
1870,flower,32
1871,basket,32
1872,travelled,32
1873,demanded,32
1874,36,32
1875,hr,32
1876,spraypainted,32
1877,shebab,32
1878,steak,32
1879,netted,32
1880,130k,32
1881,golfer,32
1882,shiny,32
1883,lesson,32
1884,cry,31
1885,future,31
1886,current,31
1887,carry,31
1888,shoulder,31
1889,brilliant,31
1890,alive,31
1891,smiling,31
1892,basic,31
1893,infiltrating,31
1894,saqlawiyah,31
1895,fathersera,31
1896,organ,31
1897,trafficker,31
1898,kidnaps,31
1899,perth,31
1900,udpated,31
1901,absent,31
1902,recovering,31
1903,commission,31
1904,crash,31
1905,sample,31
1906,impersonator,31
1907,ethnic,31
1908,albanian,31
1909,2013,31
1910,require,31
1911,appeared,31
1912,ammo,31
1913,olympian,31
1914,employer,31
1915,directive,31
1916,retracted,31
1917,olsen,31
1918,worldwide,31
1919,received,30
1920,call,30
1921,anarchy,30
1922,major,30
1923,biggest,30
1924,preference,30
1925,serial,30
1926,following,30
1927,evidence,30
1928,rule,30
1929,miss,30
1930,flew,30
1931,outside,30
1932,meteor,30
1933,bar,30
1934,ready,30
1935,nabs,30
1936,filmsteve,30
1937,design,30
1938,investigated,30
1939,grievous,30
1940,harm,30
1941,era,30
1942,brat,30
1943,pack,30
1944,airspace,30
1945,expensive,30
1946,hidden,30
1947,boast,30
1948,pentagon,30
1949,dubbed,30
1950,pooping,30
1951,every,29
1952,many,29
1953,single,29
1954,helping,29
1955,fine,29
1956,becomes,29
1957,multiple,29
1958,innocent,29
1959,horrible,29
1960,harder,29
1961,fit,29
1962,planned,29
1963,figment,29
1964,gross,29
1965,imagination,29
1966,proof,29
1967,pushed,29
1968,freshman,29
1969,annual,29
1970,ritual,29
1971,shite,29
1972,adam,29
1973,prisoner,29
1974,eastwood,29
1975,spy,29
1976,blow,29
1977,masked,29
1978,sutter,29
1979,hunnam,29
1980,brad,29
1981,pitt,29
1982,westminster,29
1983,qaedalinked,29
1984,beggar,29
1985,makeover,29
1986,prankster,29
1987,book,28
1988,sick,28
1989,party,28
1990,left,28
1991,instruction,28
1992,tackle,28
1993,elderly,28
1994,disappeared,28
1995,clash,28
1996,contaminated,28
1997,testy,28
1998,924,28
1999,27yearold,28
2000,resurrected,28
2001,narated,28
2002,gallery,28
2003,operation,28
2004,wipe,28
2005,grenade,28
2006,channel,28
2007,hearttugging,28
2008,generous,28
2009,800m,28
2010,1200,28
2011,eyed,28
2012,alert,28
2013,oneal,28
2014,rich,28
2015,johnston,28
2016,wounding,28
2017,gentials,28
2018,advice,28
2019,speeding,28
2020,hiphop,28
2021,hagel,28
2022,overpowered,28
2023,rod,28
2024,religious,27
2025,conspiracy,27
2026,promise,27
2027,alternative,27
2028,pacific,27
2029,ground,27
2030,assassinated,27
2031,porky,27
2032,magnet,27
2033,lamp,27
2034,sacha,27
2035,sauda,27
2036,devotee,27
2037,cbi,27
2038,msg,27
2039,messenger,27
2040,reporting,27
2041,pricey,27
2042,threatening,27
2043,browser,27
2044,josh,27
2045,stage,27
2046,dramatic,27
2047,tiresome,27
2048,plague,27
2049,spouse,27
2050,constantine,27
2051,agonising,27
2052,preparing,27
2053,existing,27
2054,raiddefence,27
2055,dominance,27
2056,came,26
2057,muslim,26
2058,netflix,26
2059,heat,26
2060,storm,26
2061,cop,26
2062,attacking,26
2063,elizabeth,26
2064,ad,26
2065,primary,26
2066,discussion,26
2067,choose,26
2068,pundit,26
2069,helicopter,26
2070,robocopstyle,26
2071,farm,26
2072,24year,26
2073,sickie,26
2074,proven,26
2075,encounter,26
2076,alshabab,26
2077,sony,26
2078,gertz,26
2079,shore,26
2080,intel,26
2081,activity,26
2082,throne,26
2083,speculation,26
2084,relieved,26
2085,15million,26
2086,streamingvideo,26
2087,dumbledore,26
2088,flavor,26
2089,lancement,26
2090,du,26
2091,nouveau,26
2092,ne,26
2093,serum,26
2094,pa,26
2095,devancé,26
2096,à,26
2097,cet,26
2098,été,26
2099,learns,26
2100,knife,26
2101,bbc,26
2102,surviving,26
2103,takeover,26
2104,worsens,26
2105,conde,26
2106,attracts,26
2107,declares,26
2108,lie,25
2109,currently,25
2110,magic,25
2111,gain,25
2112,term,25
2113,reality,25
2114,animal,25
2115,min,25
2116,proud,25
2117,exactly,25
2118,wondering,25
2119,genuine,25
2120,pant,25
2121,football,25
2122,cbs,25
2123,scuttlebutt,25
2124,lavish,25
2125,pose,25
2126,warn,25
2127,excursion,25
2128,astonish,25
2129,lifesaving,25
2130,investigator,25
2131,alleyway,25
2132,tale,25
2133,ehoh,25
2134,recognise,25
2135,qaida,25
2136,erratic,25
2137,sensor,25
2138,cheaper,25
2139,net,25
2140,585,25
2141,1314,25
2142,suggesting,25
2143,kurt,25
2144,limited,25
2145,remove,24
2146,support,24
2147,islam,24
2148,christ,24
2149,hot,24
2150,also,24
2151,something,24
2152,potential,24
2153,soup,24
2154,win,24
2155,hey,24
2156,demand,24
2157,profile,24
2158,ii,24
2159,east,24
2160,wanted,24
2161,playing,24
2162,palestinian,24
2163,flee,24
2164,picker,24
2165,selfless,24
2166,dime,24
2167,fooled,24
2168,cartel,24
2169,describes,24
2170,intimacy,24
2171,olympic,24
2172,jawdropping,24
2173,isils,24
2174,trend,24
2175,underage,24
2176,argentine,24
2177,legend,24
2178,rejoin,24
2179,460,24
2180,heartwarming,24
2181,advised,24
2182,britishsounding,24
2183,filed,24
2184,585m,24
2185,sweden,24
2186,light,23
2187,drawn,23
2188,climate,23
2189,convert,23
2190,razor,23
2191,rap,23
2192,here,23
2193,bit,23
2194,recent,23
2195,launched,23
2196,finding,23
2197,goddamn,23
2198,thousand,23
2199,hu,23
2200,incident,23
2201,arabian,23
2202,score,23
2203,sigh,23
2204,russianmade,23
2205,prada,23
2206,port,23
2207,shabab,23
2208,considers,23
2209,delicacy,23
2210,cameron,23
2211,kc,23
2212,panic,23
2213,hacker,23
2214,travel,23
2215,writer,23
2216,beatles,23
2217,murderer,23
2218,tipped,23
2219,blogger,23
2220,vanished,23
2221,rail,23
2222,httpwwwctvnewscaworlddogabandonedatscottishrailstationwithsuitcasefullofbelongings12175026ixzz3o9shc1io,23
2223,recall,23
2224,ebolainfected,23
2225,usda,23
2226,tcot,22
2227,forever,22
2228,sure,22
2229,positive,22
2230,meter,22
2231,apology,22
2232,middle,22
2233,turning,22
2234,sending,22
2235,repeat,22
2236,pioneering,22
2237,vandal,22
2238,bonnet,22
2239,sportscar,22
2240,soap,22
2241,opera,22
2242,17yearold,22
2243,highschool,22
2244,jabhat,22
2245,ansar,22
2246,aldeen,22
2247,fitted,22
2248,facing,22
2249,72million,22
2250,caviar,22
2251,bmw,22
2252,immigrant,22
2253,macaulay,22
2254,contrary,22
2255,participate,22
2256,execute,22
2257,henning,22
2258,oliver,22
2259,ilic,22
2260,blade,22
2261,slice,22
2262,tearing,22
2263,china,22
2264,lamppost,22
2265,magnetic,22
2266,solider,22
2267,opened,22
2268,pupil,22
2269,zhejiang,22
2270,desperation,22
2271,cyst,22
2272,heroic,22
2273,58,22
2274,atlantic,22
2275,backlash,22
2276,cancelled,22
2277,illustrated,22
2278,striking,22
2279,pee,22
2280,kfcs,22
2281,chip,22
2282,exchange,22
2283,reconnect,22
2284,millans,22
2285,purchased,22
2286,1995,22
2287,pooch,22
2288,everything,21
2289,jesus,21
2290,sorry,21
2291,please,21
2292,forest,21
2293,anyone,21
2294,clinton,21
2295,nope,21
2296,register,21
2297,forcibly,21
2298,erroneous,21
2299,urination,21
2300,responded,21
2301,failing,21
2302,lowpower,21
2303,recharge,21
2304,uptime,21
2305,international,21
2306,prank,21
2307,httpwwwwndcom2014127teengirlsgetpregnantonschooltripf5filod6yfpaspv999,21
2308,macklemore,21
2309,joined,21
2310,putting,21
2311,owned,21
2312,tub,21
2313,lodge,21
2314,grieving,21
2315,dc,21
2316,collector,21
2317,unboxing,21
2318,po,21
2319,127,21
2320,kg,21
2321,267,21
2322,excited,21
2323,heel,21
2324,exchanged,21
2325,pow,21
2326,beard,21
2327,exaggerated,21
2328,sky,21
2329,250,21
2330,box,21
2331,waterproof,21
2332,jordanian,21
2333,medias,21
2334,blew,21
2335,casino,21
2336,blabbed,21
2337,boogie,21
2338,convent,21
2339,asked,20
2340,word,20
2341,believe,20
2342,pas,20
2343,whole,20
2344,clean,20
2345,trending,20
2346,chicken,20
2347,younger,20
2348,touch,20
2349,feminism,20
2350,theyre,20
2351,block,20
2352,content,20
2353,drawing,20
2354,unwanted,20
2355,senator,20
2356,rig,20
2357,webonly,20
2358,doglovers,20
2359,pillow,20
2360,bowl,20
2361,favourite,20
2362,senior,20
2363,initial,20
2364,contesting,20
2365,stunned,20
2366,mig,20
2367,spokesman,20
2368,512mb,20
2369,ram,20
2370,4gb,20
2371,targeting,20
2372,tinder,20
2373,halftime,20
2374,munster,20
2375,predicts,20
2376,18k,20
2377,component,20
2378,tweed,20
2379,jacket,20
2380,ship,20
2381,wonderful,20
2382,lord,19
2383,royal,19
2384,church,19
2385,youre,19
2386,better,19
2387,whose,19
2388,sent,19
2389,neck,19
2390,whats,19
2391,club,19
2392,voice,19
2393,class,19
2394,firework,19
2395,looked,19
2396,percent,19
2397,hiding,19
2398,singing,19
2399,personnel,19
2400,salman,19
2401,clue,19
2402,fried,19
2403,sneer,19
2404,tiny,19
2405,epic,19
2406,spec,19
2407,deletion,19
2408,earn,19
2409,relaxes,19
2410,airforce,19
2411,saddam,19
2412,exair,19
2413,abdul,19
2414,isislinked,19
2415,reacts,19
2416,poignant,19
2417,troop,19
2418,alqaida,19
2419,affiliate,19
2420,horse,19
2421,assures,19
2422,gonzalez,19
2423,worry,18
2424,thinking,18
2425,carrying,18
2426,sexist,18
2427,dick,18
2428,ting,18
2429,su,18
2430,spectacular,18
2431,tweedjacket,18
2432,timeonly,18
2433,prototype,18
2434,disguised,18
2435,monstrous,18
2436,280pound,18
2437,hotbed,18
2438,mort,18
2439,pendant,18
2440,prêtre,18
2441,affirme,18
2442,que,18
2443,dieu,18
2444,est,18
2445,une,18
2446,femme,18
2447,psychedelic,18
2448,19yearold,18
2449,teletubbyland,18
2450,rampaging,18
2451,accused,18
2452,lana,18
2453,locked,18
2454,erupts,18
2455,retail,18
2456,idd,18
2457,lowlevel,18
2458,planetary,18
2459,dustbin,18
2460,foxnewspress,18
2461,tweeting,18
2462,watchdog,18
2463,ache,18
2464,relieve,17
2465,anger,17
2466,religion,17
2467,always,17
2468,country,17
2469,revealing,17
2470,doctor,17
2471,survive,17
2472,pound,17
2473,allowed,17
2474,msnbc,17
2475,pro,17
2476,banning,17
2477,rude,17
2478,25m,17
2479,luckily,17
2480,sect,17
2481,cpwd,17
2482,mourned,17
2483,shown,17
2484,rendition,17
2485,sighted,17
2486,raqqa,17
2487,birddropping,17
2488,sold,17
2489,gumtree,17
2490,noarrest,17
2491,offender,17
2492,convicted,17
2493,wels,17
2494,satirical,17
2495,cutoff,17
2496,attempting,17
2497,chugging,17
2498,frustrated,17
2499,traveller,17
2500,detector,17
2501,taylor,17
2502,baffled,17
2503,statehouse,17
2504,buried,17
2505,15m,17
2506,painted,17
2507,breakfast,17
2508,miracle,16
2509,hate,16
2510,crime,16
2511,lose,16
2512,believing,16
2513,cfcc15,16
2514,investor,16
2515,wakeupamerica,16
2516,share,16
2517,bedroom,16
2518,wounded,16
2519,growing,16
2520,pushing,16
2521,lake,16
2522,mälaren,16
2523,heated,16
2524,robotic,16
2525,trouble,16
2526,included,16
2527,abuzz,16
2528,foxnewsfacts,16
2529,digital,16
2530,jaffray,16
2531,peg,16
2532,nfls,16
2533,disappears,16
2534,omidyars,16
2535,slims,16
2536,usb,16
2537,shia,16
2538,mp,16
2539,fatigue,16
2540,alarm,16
2541,detonate,16
2542,siege,16
2543,1152015,16
2544,8ft,16
2545,9in,16
2546,weighing,16
2547,reeled,16
2548,squad,16
2549,1m,16
2550,pickup,16
2551,drink,15
2552,choosing,15
2553,folk,15
2554,follow,15
2555,moved,15
2556,hurt,15
2557,scandal,15
2558,yemeni,15
2559,defense,15
2560,unnamed,15
2561,tb,15
2562,spedup,15
2563,resonates,15
2564,vandalized,15
2565,gaybasher,15
2566,wiser,15
2567,xboy,15
2568,cleaner,15
2569,faster,15
2570,pencil,15
2571,illustration,15
2572,duped,15
2573,hire,15
2574,dalekstyle,15
2575,robocops,15
2576,hq,15
2577,trolled,15
2578,chatham,15
2579,starred,15
2580,traded,15
2581,reaching,15
2582,bostoncom,15
2583,sheriff,15
2584,ben,15
2585,edelman,15
2586,round,15
2587,quoting,15
2588,eastwoods,15
2589,unforgiven,15
2590,skipping,15
2591,allnew,15
2592,12in,15
2593,wwdc,15
2594,declared,15
2595,director,15
2596,spoiler,15
2597,mag,15
2598,genius,15
2599,trash,15
2600,skill,15
2601,fatally,15
2602,trust,14
2603,thank,14
2604,long,14
2605,fuck,14
2606,18,14
2607,normal,14
2608,avoid,14
2609,helped,14
2610,grow,14
2611,adult,14
2612,wrote,14
2613,unless,14
2614,prolife,14
2615,gay,14
2616,4th,14
2617,sends,14
2618,cougar,14
2619,shocked,14
2620,approve,14
2621,113yearold,14
2622,knob,14
2623,band,14
2624,firstyear,14
2625,jihadis,14
2626,deceased,14
2627,resurfaces,14
2628,peds,14
2629,compare,14
2630,lance,14
2631,armstrong,14
2632,operated,14
2633,qaeda,14
2634,kane,14
2635,daash,14
2636,alsiger,14
2637,anbar,14
2638,outrage,14
2639,prompted,14
2640,termination,14
2641,sack,14
2642,prolonged,14
2643,threw,14
2644,retrieved,14
2645,moses,14
2646,stuns,14
2647,paying,14
2648,truth,13
2649,beast,13
2650,tired,13
2651,egalitarian,13
2652,music,13
2653,jean,13
2654,origin,13
2655,engineer,13
2656,willie,13
2657,complained,13
2658,benghazi,13
2659,candidate,13
2660,violent,13
2661,hooked,13
2662,recognized,13
2663,sunbaby,13
2664,cablefree,13
2665,expected,13
2666,returned,13
2667,militancy,13
2668,eyewitness,13
2669,perseverance,13
2670,fallen,13
2671,weightless,13
2672,ce,13
2673,600pound,13
2674,40pound,13
2675,tackling,13
2676,utah,13
2677,unbelievable,13
2678,dude,13
2679,shared,13
2680,suffered,13
2681,xmens,13
2682,stick,13
2683,em,12
2684,general,12
2685,liberal,12
2686,session,12
2687,equal,12
2688,season,12
2689,gamergate,12
2690,desperate,12
2691,sexual,12
2692,tackled,12
2693,basher,12
2694,unleash,12
2695,dakota,12
2696,hairy,12
2697,500m,12
2698,reformation,12
2699,publicist,12
2700,responding,12
2701,hashtag,12
2702,stan,12
2703,beaton,12
2704,treasured,12
2705,boost,12
2706,reluctant,12
2707,cannibal,12
2708,claimed,12
2709,executive,12
2710,warned,12
2711,anchor,12
2712,exaggerating,12
2713,detective,12
2714,trace,12
2715,pornographic,12
2716,clip,12
2717,samuel,12
2718,nix,12
2719,81,12
2720,heavily,12
2721,beaten,12
2722,manipulation,12
2723,yield,12
2724,20stone,12
2725,fishing,12
2726,40minute,12
2727,boat,12
2728,swallow,12
2729,videogame,12
2730,extend,12
2731,firstever,12
2732,manmagnet,12
2733,stand,11
2734,faith,11
2735,liar,11
2736,dark,11
2737,global,11
2738,rain,11
2739,footprint,11
2740,bite,11
2741,effect,11
2742,brush,11
2743,short,11
2744,uniteblue,11
2745,fool,11
2746,busy,11
2747,unborn,11
2748,unit,11
2749,include,11
2750,effort,11
2751,youd,11
2752,recovered,11
2753,wrongly,11
2754,consumer,11
2755,24m,11
2756,majesty,11
2757,accessory,11
2758,speculator,11
2759,quarantine,11
2760,twittertrolled,11
2761,macklemorejoinedisis,11
2762,troubled,11
2763,erase,11
2764,uncensored,11
2765,coax,11
2766,sandoval,11
2767,16yearold,11
2768,guarded,11
2769,daleks,11
2770,kissing,11
2771,sauna,11
2772,singer,11
2773,eerily,11
2774,decade,11
2775,lowenergy,11
2776,condition,11
2777,pray,10
2778,ur,10
2779,environment,10
2780,pjnet,10
2781,act,10
2782,lady,10
2783,lot,10
2784,republican,10
2785,rt,10
2786,trolling,10
2787,interview,10
2788,shape,10
2789,bitch,10
2790,democrat,10
2791,special,10
2792,bless,10
2793,pulled,10
2794,repealthe8th,10
2795,production,10
2796,kick,10
2797,vandalism,10
2798,performing,10
2799,70,10
2800,litre,10
2801,mourning,10
2802,unbundled,10
2803,visiting,10
2804,base,10
2805,hired,10
2806,makeor,10
2807,uploads,10
2808,whatsapp,10
2809,figure,10
2810,stumbling,10
2811,snowy,10
2812,hmmmmm,10
2813,humiliates,10
2814,tactic,10
2815,roman,10
2816,sortie,10
2817,hazmatwearing,10
2818,passenger,10
2819,legendary,10
2820,sedated,10
2821,bag,10
2822,traveler,10
2823,wary,10
2824,surgical,10
2825,newest,10
2826,tablet,10
2827,winnipeg,10
2828,shtty,10
2829,printout,10
2830,dm,10
2831,defecates,10
2832,soul,9
2833,usa,9
2834,difficulty,9
2835,given,9
2836,matt,9
2837,oh,9
2838,sport,9
2839,ppl,9
2840,flooding,9
2841,potus,9
2842,yesallwomen,9
2843,portal,9
2844,noise,9
2845,campaign,9
2846,inaccurate,9
2847,bought,9
2848,tendon,9
2849,drill,9
2850,hardcore,9
2851,keeping,9
2852,microsoft,9
2853,scary,9
2854,espns,9
2855,pregame,9
2856,combat,9
2857,24th,9
2858,seal,9
2859,sunnyvale,9
2860,delayed,9
2861,quantity,9
2862,suspiciously,9
2863,formation,9
2864,scrapped,9
2865,advanced,9
2866,reliability,9
2867,drugged,9
2868,luxe,9
2869,viking,9
2870,devoted,9
2871,freethinker,8
2872,rather,8
2873,fucking,8
2874,stupid,8
2875,2a,8
2876,freeallfour,8
2877,trump,8
2878,busted,8
2879,tie,8
2880,loverat,8
2881,libel,8
2882,propagandist,8
2883,guitarist,8
2884,consistency,8
2885,disconnect,8
2886,wildly,8
2887,disagreement,8
2888,resort,8
2889,stored,8
2890,timetable,8
2891,paramedic,8
2892,transporting,8
2893,exhibiting,8
2894,virility,8
2895,terrify,8
2896,stroll,8
2897,publishes,8
2898,strong,7
2899,atheist,7
2900,holy,7
2901,belief,7
2902,happen,7
2903,money,7
2904,raped,7
2905,anything,7
2906,nobody,7
2907,water,7
2908,matter,7
2909,patriarchy,7
2910,rocket,7
2911,degree,7
2912,since,7
2913,blame,7
2914,lol,7
2915,election2016,7
2916,black,7
2917,privilege,7
2918,able,7
2919,cannot,7
2920,shit,7
2921,driving,7
2922,vote,7
2923,blueskies366,7
2924,prof,7
2925,survey,7
2926,expects,7
2927,fiscal,7
2928,accuses,7
2929,forcing,7
2930,evacuation,7
2931,unluckiest,7
2932,plus,7
2933,promotes,7
2934,stripped,7
2935,550,7
2936,950,7
2937,newfoundland,7
2938,leak,7
2939,par,7
2940,android,7
2941,rival,7
2942,developing,7
2943,software,7
2944,barred,7
2945,award,7
2946,location,7
2947,popular,7
2948,freedom,6
2949,sin,6
2950,allow,6
2951,worship,6
2952,remember,6
2953,ask,6
2954,science,6
2955,ccot,6
2956,specie,6
2957,door,6
2958,amen,6
2959,maybe,6
2960,level,6
2961,waste,6
2962,answer,6
2963,prayer,6
2964,lgbt,6
2965,wonder,6
2966,there,6
2967,weather,6
2968,rate,6
2969,cop21,6
2970,depends,6
2971,auspol,6
2972,csota,6
2973,hypocrisy,6
2974,illegal,6
2975,little,6
2976,anti,6
2977,lying,6
2978,especially,6
2979,bernie2016,6
2980,whyimnotvotingforhillary,6
2981,realdonaldtrump,6
2982,womb,6
2983,conception,6
2984,antichoice,6
2985,decision,6
2986,rally4life,6
2987,richest,6
2988,pornstar,6
2989,5m,6
2990,unwrapping,6
2991,recuperate,6
2992,poncho,6
2993,accusing,6
2994,newborn,6
2995,shaped,6
2996,mechanical,6
2997,elon,6
2998,whopping,6
2999,hennings,6
3000,invokes,6
3001,plea,6
3002,undersiege,6
3003,crude,6
3004,eggnogchugging,6
3005,competition,6
3006,ignite,6
3007,sense,5
3008,joke,5
3009,best,5
3010,p,5
3011,progressive,5
3012,upon,5
3013,afraid,5
3014,bible,5
3015,tax,5
3016,misogyny,5
3017,equalityforall,5
3018,modern,5
3019,different,5
3020,mary,5
3021,goal,5
3022,voting,5
3023,harper,5
3024,team,5
3025,half,5
3026,research,5
3027,50,5
3028,journey2015,5
3029,ecocide,5
3030,cdnpoli,5
3031,value,5
3032,generation,5
3033,july,5
3034,kind,5
3035,though,5
3036,dangerous,5
3037,accomplishment,5
3038,character,5
3039,wanting,5
3040,co,5
3041,feminismiscruelty,5
3042,antifeminism,5
3043,womensrights,5
3044,side,5
3045,hypocrite,5
3046,politics,5
3047,r,5
3048,press,5
3049,rednationrising,5
3050,readyforhillary,5
3051,2016,5
3052,hillaryoncnn,5
3053,smart,5
3054,donald,5
3055,legal,5
3056,pregnancy,5
3057,prochoice,5
3058,culture,5
3059,laurawrpie,5
3060,supposedly,5
3061,produce,5
3062,tsarnaev,5
3063,blinded,5
3064,paralyzed,5
3065,nl,5
3066,httpwwwctvnewscacanadaseeyoumondaynlmankeepsfacebookpromisetopoliceturnshimselfin12206960ixzz3qedasgxu,5
3067,retracts,5
3068,professor,5
3069,romantic,5
3070,hall,5
3071,carolling,5
3072,shefford,5
3073,gagged,5
3074,council,5
3075,bidding,5
3076,shall,4
3077,respect,4
3078,honor,4
3079,irrelevant,4
3080,dream,4
3081,beautiful,4
3082,quote,4
3083,glad,4
3084,pakistan,4
3085,grace,4
3086,thy,4
3087,humanist,4
3088,court,4
3089,moving,4
3090,br_holden,4
3091,mercy,4
3092,anymore,4
3093,salvation,4
3094,humanity,4
3095,deserve,4
3096,related,4
3097,defend,4
3098,loved,4
3099,created,4
3100,wait,4
3101,scripture,4
3102,higher,4
3103,die,4
3104,scotus,4
3105,seriously,4
3106,w,4
3107,compassion,4
3108,healthcare,4
3109,enemy,4
3110,fail,4
3111,everybody,4
3112,else,4
3113,capable,4
3114,drought,4
3115,changed,4
3116,emission,4
3117,transparency,4
3118,bcwildfire,4
3119,natural,4
3120,actonclimate,4
3121,p2,4
3122,address,4
3123,community,4
3124,60,4
3125,ridiculous,4
3126,learn,4
3127,destruction,4
3128,onpoli,4
3129,leadership,4
3130,already,4
3131,strap,4
3132,cover,4
3133,easy,4
3134,mra,4
3135,oppress,4
3136,solo,4
3137,divorce,4
3138,id,4
3139,sad,4
3140,charged,4
3141,manspreading,4
3142,sexy,4
3143,card,4
3144,expect,4
3145,pride,4
3146,tea,4
3147,humanrights,4
3148,rope,4
3149,bash,4
3150,killary,4
3151,hrc,4
3152,idiot,4
3153,wow,4
3154,immigration,4
3155,cheat,4
3156,simple,4
3157,gowdy,4
3158,lack,4
3159,rally,4
3160,subpoena,4
3161,nra,4
3162,thedemocrats,4
3163,fetus,4
3164,alllivesmatter,4
3165,ingesting,4
3166,powered,4
3167,processor,4
3168,appointment,4
3169,shortly,4
3170,diagnostic,4
3171,trekking,4
3172,quietly,4
3173,fixed,4
3174,mistress,4
3175,senseless,4
3176,booming,4
3177,concubine,4
3178,kanye,4
3179,grammy,4
3180,ceremony,4
3181,starring,4
3182,unveil,4
3183,finalize,4
3184,myriad,4
3185,landfill,4
3186,gmo,4
3187,satire,4
3188,httpnextsharkcomrevealedwomanbehind5millionperyearyoutubechannelisaformerpornstarrmns,4
3189,tight,3
3190,hug,3
3191,teamjesus,3
3192,gone,3
3193,independence,3
3194,beauty,3
3195,spirituality,3
3196,extremism,3
3197,commit,3
3198,hindu,3
3199,write,3
3200,exist,3
3201,kjv,3
3202,beyond,3
3203,secular,3
3204,blog,3
3205,welcome,3
3206,trinity,3
3207,realize,3
3208,democracy,3
3209,repent,3
3210,impossible,3
3211,christianity,3
3212,hurting,3
3213,product,3
3214,feeling,3
3215,wish,3
3216,brain,3
3217,opposed,3
3218,rid,3
3219,corporation,3
3220,couple,3
3221,motivated,3
3222,conservative,3
3223,loving,3
3224,decree,3
3225,whatever,3
3226,thou,3
3227,sheep,3
3228,parenting,3
3229,society,3
3230,started,3
3231,ability,3
3232,endsexism,3
3233,department,3
3234,decide,3
3235,agenda,3
3236,ccfc15,3
3237,extreme,3
3238,energy,3
3239,economy,3
3240,development,3
3241,surely,3
3242,raining,3
3243,green,3
3244,quality,3
3245,coal,3
3246,shenhua,3
3247,c,3
3248,knew,3
3249,sanction,3
3250,forecast,3
3251,temperature,3
3252,solution,3
3253,consequence,3
3254,majority,3
3255,breathing,3
3256,subway,3
3257,either,3
3258,denier,3
3259,history,3
3260,adapt,3
3261,funding,3
3262,committed,3
3263,b,3
3264,poverty,3
3265,counter,3
3266,weak,3
3267,flag,3
3268,toronto,3
3269,actual,3
3270,daily,3
3271,capacity,3
3272,charlotte,3
3273,otherwise,3
3274,tag,3
3275,link,3
3276,learned,3
3277,movement,3
3278,property,3
3279,sjw,3
3280,pic,3
3281,opinion,3
3282,individual,3
3283,uterus,3
3284,wouldnt,3
3285,cup,3
3286,antisjw,3
3287,abuser,3
3288,doublestandards,3
3289,judge,3
3290,birthday,3
3291,view,3
3292,involve,3
3293,interesting,3
3294,hi,3
3295,pls,3
3296,dumb,3
3297,benefit,3
3298,standard,3
3299,sit,3
3300,along,3
3301,slut,3
3302,icon,3
3303,admit,3
3304,toward,3
3305,oppression,3
3306,watching,3
3307,enjoy,3
3308,whine,3
3309,likeagirl,3
3310,ugly,3
3311,feelthebern,3
3312,berniesanders,3
3313,jlconnell66,3
3314,morningjoe,3
3315,elected,3
3316,bernie,3
3317,platform,3
3318,stance,3
3319,nc,3
3320,hilary,3
3321,tough,3
3322,brianna,3
3323,donaldtrump,3
3324,assault,3
3325,itrusthillary,3
3326,proved,3
3327,chance,3
3328,waronwomen,3
3329,dems,3
3330,gaymarriage,3
3331,1a,3
3332,tgdn,3
3333,macedonia,3
3334,prolifeyouth,3
3335,patriot,3
3336,ok,3
3337,righttolife,3
3338,prowomanchoice,3
3339,clinic,3
3340,_msthirdward,3
3341,biased,3
3342,ygk,3
3343,ignore,3
3344,truthtour,3
3345,theyfeelpain,3
3346,holocaust,3
3347,reinforcement,3
3348,limiting,3
3349,citi,3
3350,plethora,3
3351,authenticity,3
3352,gmos,3
3353,unannounced,3
3354,diagnostics,3
3355,connector,3
3356,adulteress,3
3357,shopping,3
3358,initially,3
3359,idol,2
3360,allah,2
3361,hitchens,2
3362,judaism,2
3363,constitution,2
3364,independenceday,2
3365,built,2
3366,wisdom,2
3367,243,2
3368,hear,2
3369,intended,2
3370,sinner,2
3371,strongly,2
3372,blood,2
3373,4thofjuly,2
3374,influence,2
3375,sens,2
3376,grant,2
3377,remain,2
3378,vessel,2
3379,hitler,2
3380,suddenly,2
3381,within,2
3382,divine,2
3383,irish,2
3384,system,2
3385,secularism,2
3386,often,2
3387,charles,2
3388,favor,2
3389,wage,2
3390,conflict,2
3391,piece,2
3392,philosophy,2
3393,celebrant,2
3394,wedding,2
3395,wasted,2
3396,choir,2
3397,absurd,2
3398,mind,2
3399,ancient,2
3400,honest,2
3401,outcome,2
3402,silence,2
3403,heals,2
3404,spirit,2
3405,nature,2
3406,forward,2
3407,receive,2
3408,persecuted,2
3409,victory,2
3410,votejkt48id,2
3411,however,2
3412,strive,2
3413,lds,2
3414,healer,2
3415,sacrifice,2
3416,ignorance,2
3417,define,2
3418,tho,2
3419,patience,2
3420,proverb,2
3421,none,2
3422,sort,2
3423,unfit,2
3424,visit,2
3425,excuse,2
3426,intentional,2
3427,blessed,2
3428,alone,2
3429,saint,2
3430,tn,2
3431,accepting,2
3432,ball,2
3433,superstition,2
3434,negative,2
3435,bigotry,2
3436,semen,2
3437,fyilive,2
3438,request,2
3439,bringing,2
3440,abed,2
3441,access,2
3442,sexed,2
3443,listen,2
3444,obey,2
3445,23839,2
3446,considering,2
3447,couldnt,2
3448,behavior,2
3449,etc,2
3450,clear,2
3451,awareness,2
3452,enjoyed,2
3453,seek,2
3454,sacred,2
3455,existence,2
3456,apocalypse,2
3457,reminder,2
3458,shame,2
3459,ruling,2
3460,membership,2
3461,russia,2
3462,vital,2
3463,bollywood,2
3464,shepherd,2
3465,isaiah,2
3466,unto,2
3467,excellent,2
3468,module,2
3469,destroyed,2
3470,nonsense,2
3471,desire,2
3472,justification,2
3473,bloody,2
3474,dna,2
3475,economics,2
3476,explain,2
3477,endracism,2
3478,endreligion,2
3479,humble,2
3480,confident,2
3481,pluto,2
3482,woo,2
3483,camp,2
3484,fish,2
3485,sea,2
3486,uniform,2
3487,wave,2
3488,parmesan,2
3489,23,2
3490,habitat,2
3491,lawn,2
3492,yard,2
3493,information,2
3494,protect,2
3495,vulnerability,2
3496,warming,2
3497,disaster,2
3498,vegan,2
3499,yay,2
3500,kinda,2
3501,measure,2
3502,corp,2
3503,purchase,2
3504,damage,2
3505,supposed,2
3506,ice,2
3507,alarming,2
3508,nuclear,2
3509,plain,2
3510,declaring,2
3511,environmental,2
3512,yesterday,2
3513,pursuit,2
3514,mine,2
3515,period,2
3516,earthrightnow,2
3517,adaptation,2
3518,imagine,2
3519,prevent,2
3520,oil,2
3521,kwh,2
3522,bbcradio4,2
3523,budget2015,2
3524,vulnerable,2
3525,table,2
3526,co2,2
3527,healthy,2
3528,jim,2
3529,hitting,2
3530,latino,2
3531,10am,2
3532,nytimes,2
3533,happens,2
3534,second,2
3535,together,2
3536,easier,2
3537,sunny,2
3538,discus,2
3539,summit,2
3540,representative,2
3541,energyefficiency,2
3542,8th,2
3543,clothes,2
3544,hole,2
3545,narrative,2
3546,sentence,2
3547,whale,2
3548,80,2
3549,strategy,2
3550,solve,2
3551,infographic,2
3552,road,2
3553,carbon,2
3554,economic,2
3555,oxygen,2
3556,rot,2
3557,pointing,2
3558,epa,2
3559,invitation,2
3560,justin,2
3561,unnecessary,2
3562,drown,2
3563,height,2
3564,negligence,2
3565,collusion,2
3566,acting,2
3567,respond,2
3568,ordinary,2
3569,habit,2
3570,worst,2
3571,cold,2
3572,increased,2
3573,window,2
3574,hatred,2
3575,tumblr,2
3576,machine,2
3577,complete,2
3578,opportunity,2
3579,fee,2
3580,privileged,2
3581,afford,2
3582,spankafeminist,2
3583,construct,2
3584,language,2
3585,quick,2
3586,quite,2
3587,130,2
3588,womenintech,2
3589,bikini,2
3590,missed,2
3591,timhunt,2
3592,et,2
3593,authoritarian,2
3594,century,2
3595,apart,2
3596,navy,2
3597,ki,2
3598,intimidation,2
3599,infamous,2
3600,stfu,2
3601,pin,2
3602,accusation,2
3603,wwc2015,2
3604,dress,2
3605,involved,2
3606,pig,2
3607,sandwich,2
3608,sexism,2
3609,advocate,2
3610,study,2
3611,usually,2
3612,suck,2
3613,grade,2
3614,sink,2
3615,troll,2
3616,shark,2
3617,clearly,2
3618,notice,2
3619,crotch,2
3620,rts,2
3621,watched,2
3622,number,2
3623,supporting,2
3624,dragon,2
3625,review,2
3626,ruined,2
3627,shitty,2
3628,assume,2
3629,yell,2
3630,asleep,2
3631,deandrejohnson,2
3632,minority,2
3633,fundamental,2
3634,nfl,2
3635,attention,2
3636,breast,2
3637,author,2
3638,cunt,2
3639,pop,2
3640,text,2
3641,girlpower,2
3642,fav,2
3643,independent,2
3644,housewife,2
3645,butt,2
3646,ashamed,2
3647,ignorant,2
3648,cured,2
3649,shaming,2
3650,mouth,2
3651,justifies,2
3652,rapeculture,2
3653,keyandpeele,2
3654,morally,2
3655,success,2
3656,misogynist,2
3657,hilarious,2
3658,sorrynotsorry,2
3659,defeated,2
3660,officially,2
3661,thisoppresseswomen,2
3662,genderequity,2
3663,sleep,2
3664,leaving,2
3665,abused,2
3666,function,2
3667,knowing,2
3668,unstoppable,2
3669,wat,2
3670,empty,2
3671,exact,2
3672,who,2
3673,exception,2
3674,swear,2
3675,celebrate,2
3676,as,2
3677,resist,2
3678,stronger,2
3679,basically,2
3680,nixon,2
3681,solidly,2
3682,congress,2
3683,peasant,2
3684,noamnesty,2
3685,upper,2
3686,neither,2
3687,funny,2
3688,incessantpatrio,2
3689,bcwilliams92,2
3690,redskin,2
3691,coward,2
3692,ave,2
3693,marriageequaility,2
3694,jeb2016,2
3695,cruz2016,2
3696,yr,2
3697,federal,2
3698,weknowwhatsbest,2
3699,oip,2
3700,chasing,2
3701,pantsuit,2
3702,promising,2
3703,preserve,2
3704,bigger,2
3705,jjauthor,2
3706,indefensible,2
3707,aryan,2
3708,grown,2
3709,dislike,2
3710,socialist,2
3711,welfare,2
3712,wh,2
3713,prez,2
3714,committee,2
3715,nohillary,2
3716,sticker,2
3717,marcorubio,2
3718,entertainment,2
3719,speak,2
3720,hannity,2
3721,iowa,2
3722,chooses,2
3723,keilar,2
3724,mr,2
3725,treat,2
3726,tolerance,2
3727,billclinton,2
3728,monicalewinsky,2
3729,drmartyfox,2
3730,server,2
3731,popularly,2
3732,beating,2
3733,constant,2
3734,barrage,2
3735,beat,2
3736,delusional,2
3737,prefer,2
3738,admitted,2
3739,govt,2
3740,deleted,2
3741,tlot,2
3742,werent,2
3743,hillaryforprison,2
3744,intolerant,2
3745,presidency,2
3746,organization,2
3747,hamas,2
3748,permitted,2
3749,libcrib,2
3750,trey,2
3751,politically,2
3752,leaked,2
3753,denied,2
3754,crazy,2
3755,subponea,2
3756,followed,2
3757,revolution,2
3758,patriotswillrise,2
3759,chelseas,2
3760,maddow,2
3761,process,2
3762,childcare,2
3763,urgent,2
3764,txin,2
3765,pregnancyforall,2
3766,denounceharper,2
3767,hrctte,2
3768,being,2
3769,liberty,2
3770,pronounced,2
3771,letstalkabortion,2
3772,abortionrights,2
3773,irony,2
3774,sanger,2
3775,rugby,2
3776,everylifematters,2
3777,buhayipaglaban,2
3778,procontraception,2
3779,cell,2
3780,ireland,2
3781,1033this,2
3782,concernyou,2
3783,naturalfamilyplanning,2
3784,spacing,2
3785,yeah,2
3786,womencansee,2
3787,embryo,2
3788,selfishness,2
3789,silenceddiscourse,2
3790,division,2
3791,schoolchoice,2
3792,doublestandard,2
3793,prolifers,2
3794,autonomy,2
3795,wen,2
3796,preborn,2
3797,jaxlesigh,2
3798,procedure,2
3799,contraceptive,2
3800,sentient,2
3801,autonomous,2
3802,enc,2
3803,letdoctorsdoit,2
3804,genocide,2
3805,controlling,2
3806,sponsored,2
3807,continuum,2
3808,chooseliferacer,2
3809,traffic,2
3810,kingston,2
3811,showthetruth,2
3812,nazi,2
3813,unwed,2
3814,parenthood,2
3815,responsibility,2
3816,diagnosis,2
3817,formed,2
3818,kkk,2
3819,fuckin,2
3820,ppact,2
3821,shortlands,2
3822,19m,2
3823,plot,2
3824,friday,2
3825,uncovered,2
3826,masturbating,2
3827,selfrape,2
3828,popup,2
3829,shop,2
3830,selfridges,2
3831,riddled,2
3832,worm,2
3833,sashimi,2
3834,delivers,2
3835,notification,2
3836,wrist,2
3837,1he,1
3838,exalts,1
3839,humbled,1
3840,humbles,1
3841,exaltedmatt,1
3842,2312,1
3843,2rt,1
3844,prayerbullets,1
3845,nehushtan,1
3846,previous,1
3847,184,1
3848,3brainman365,1
3849,heidtjj,1
3850,benjaminlives,1
3851,sought,1
3852,merit,1
3853,4god,1
3854,utterly,1
3855,powerless,1
3856,5david_cameron,1
3857,multiculturalism,1
3858,shady,1
3859,786,1
3860,taqiya,1
3861,tawriya,1
3862,jaziya,1
3863,kafir,1
3864,dhimmi,1
3865,jihad,1
3866,6this,1
3867,makepeacewitheachother,1
3868,7morality,1
3869,derived,1
3870,precedes,1
3871,christopher,1
3872,hitch,1
3873,8a,1
3874,godly,1
3875,appreciates,1
3876,9seculardutchess,1
3877,huckleberry,1
3878,deanmodified,1
3879,10bible,1
3880,exaggeration,1
3881,11if,1
3882,singlebecause,1
3883,getonyourfeet,1
3884,12happy,1
3885,13let,1
3886,prov,1
3887,14these,1
3888,15next,1
3889,founding,1
3890,16iloveislambecause,1
3891,deen,1
3892,17be,1
3893,rejoice,1
3894,martin,1
3895,luther,1
3896,18god,1
3897,insecurity,1
3898,19mary,1
3899,20america,1
3900,brutality,1
3901,coursing,1
3902,21every,1
3903,profession,1
3904,exercise,1
3905,inevitable,1
3906,silent,1
3907,henri,1
3908,frederic,1
3909,amiel,1
3910,22i,1
3911,baloch,1
3912,talibanization,1
3913,balochistan,1
3914,23he,1
3915,slave,1
3916,24exo201315,1
3917,murderdo,1
3918,adulterydo,1
3919,25phew,1
3920,carpenter,1
3921,bart,1
3922,simpson,1
3923,26exo2812,1
3924,27jagannathazad,1
3925,anthem,1
3926,28father,1
3927,honour,1
3928,openheaven,1
3929,nativarietysunday,1
3930,sundaymorningshow,1
3931,29who,1
3932,xtian,1
3933,polpott,1
3934,mao,1
3935,30i,1
3936,prayed,1
3937,strength,1
3938,31youll,1
3939,lifechangingjourneywithjesus,1
3940,32jesus,1
3941,drove,1
3942,nut,1
3943,33sanctify,1
3944,1717,1
3945,34psalm,1
3946,8617,1
3947,714,1
3948,token,1
3949,35the,1
3950,davincisdemons,1
3951,36american,1
3952,conservatism,1
3953,stuff,1
3954,37the,1
3955,cloth,1
3956,kissthering,1
3957,38you,1
3958,changesyour,1
3959,39just,1
3960,accident,1
3961,providence,1
3962,40i,1
3963,addicted,1
3964,everywhere,1
3965,halo,1
3966,41faith,1
3967,count,1
3968,colon,1
3969,42watch,1
3970,dame_lillard,1
3971,blazer,1
3972,playoff,1
3973,43the,1
3974,reaffirm,1
3975,humanismireland,1
3976,44we,1
3977,unbelief,1
3978,affliction,1
3979,pitied,1
3980,condemned,1
3981,spurgeon,1
3982,45dsurman,1
3983,46currently,1
3984,logical,1
3985,fallacy,1
3986,weebly,1
3987,logicism,1
3988,47proud,1
3989,teamjinnah,1
3990,bhutto,1
3991,imrans,1
3992,jinnah,1
3993,inclusive,1
3994,48great,1
3995,baptism,1
3996,woodgreen,1
3997,rich_lacey,1
3998,49religious,1
3999,rightsandrecourse,1
4000,transformation,1
4001,50i,1
4002,officiate,1
4003,nonreligious,1
4004,weddingsstarting,1
4005,99,1
4006,discount,1
4007,216,1
4008,51rt,1
4009,perfectly,1
4010,peddle,1
4011,afterlife,1
4012,52rt,1
4013,superstitionbased,1
4014,tend,1
4015,53rt,1
4016,superstitious,1
4017,particular,1
4018,54rt,1
4019,sphere,1
4020,55rt,1
4021,gmhumanistchoir,1
4022,audition,1
4023,87rt,1
4024,manchest,1
4025,56rowdman53,1
4026,offended,1
4027,symbol,1
4028,belong,1
4029,57pushing,1
4030,darkened,1
4031,railing,1
4032,58your,1
4033,1194950,1
4034,59god,1
4035,spiritual,1
4036,60the,1
4037,healing,1
4038,clarity,1
4039,vision,1
4040,61rt,1
4041,faithsns716,1
4042,psalm1033who,1
4043,forgives,1
4044,iniquity,1
4045,62james,1
4046,114,1
4047,tempted,1
4048,lust,1
4049,enticed,1
4050,63we,1
4051,destitute,1
4052,raw,1
4053,64rt,1
4054,acatholicprayer,1
4055,65ladylydiad,1
4056,66is,1
4057,preach,1
4058,412,1
4059,elsenlt,1
4060,dcm2015,1
4061,67what,1
4062,build,1
4063,relationship,1
4064,relate,1
4065,emunah,1
4066,68i,1
4067,extinction,1
4068,eager,1
4069,anticipation,1
4070,69moral,1
4071,relativism,1
4072,chaos,1
4073,secularist,1
4074,70by,1
4075,repentance,1
4076,atonement,1
4077,71let,1
4078,72absolutely,1
4079,bollock,1
4080,pissoff,1
4081,73in,1
4082,48hrs,1
4083,74join,1
4084,periscope,1
4085,mf,1
4086,8am,1
4087,entrepreneurship,1
4088,productivity,1
4089,christianentrepreneurs,1
4090,75praise,1
4091,grateful,1
4092,76if,1
4093,situationenvironment,1
4094,desolate,1
4095,newthings,1
4096,sontalk,1
4097,77heaven,1
4098,matthew,1
4099,2435,1
4100,tworship,1
4101,78kca,1
4102,premierdigi,1
4103,communicate,1
4104,79crownfmradio899,1
4105,haveyoursay,1
4106,80imagine,1
4107,split,1
4108,atom,1
4109,ventured,1
4110,81job,1
4111,greatly,1
4112,325,1
4113,82jesus,1
4114,helper,1
4115,finished,1
4116,83the,1
4117,pleased,1
4118,wevery,1
4119,efforteven,1
4120,tinydaily,1
4121,himezra,1
4122,taft,1
4123,benson,1
4124,inspiration,1
4125,84i,1
4126,hereafter,1
4127,85if,1
4128,willing,1
4129,86heb,1
4130,1012,1
4131,offered,1
4132,sat,1
4133,87sometimes,1
4134,truest,1
4135,path,1
4136,88religious,1
4137,moderation,1
4138,knowledge,1
4139,scriptural,1
4140,samharrisorg,1
4141,89remember,1
4142,worked,1
4143,90what,1
4144,existentialism,1
4145,91im,1
4146,priority,1
4147,92yeah,1
4148,mattering,1
4149,93keep,1
4150,flowinz,1
4151,az,1
4152,da,1
4153,windz,1
4154,blend,1
4155,bend,1
4156,94may,1
4157,freelance,1
4158,gig,1
4159,pdx,1
4160,intention,1
4161,95vicgreenaway,1
4162,balloon,1
4163,96narendramodi,1
4164,pmoindia,1
4165,iftikar,1
4166,payer,1
4167,97he,1
4168,retweets,1
4169,98i,1
4170,planetearth,1
4171,99my,1
4172,wise,1
4173,reproacheth,1
4174,2711,1
4175,100had,1
4176,rehearsalcant,1
4177,till,1
4178,sunday,1
4179,bridgechurch2015,1
4180,bridgelaunchteam,1
4181,willacycounty,1
4182,weloveyou,1
4183,101every,1
4184,instructs,1
4185,paine,1
4186,102godless_mom,1
4187,reduced,1
4188,appearing,1
4189,toast,1
4190,photoshopped,1
4191,praise,1
4192,103godless_mom,1
4193,stereotypemepls,1
4194,flypastafarian,1
4195,por,1
4196,exemplo,1
4197,104lifes,1
4198,adversity,1
4199,evolution,1
4200,nirvana,1
4201,valhalla,1
4202,105hindus,1
4203,subsidy,1
4204,hajbut,1
4205,templesamarnath,1
4206,yatra,1
4207,hindusunderattack,1
4208,106the,1
4209,tragedy,1
4210,unanswered,1
4211,unasked,1
4212,ghlondon,1
4213,107faithmattersuk,1
4214,dontmurder,1
4215,108we,1
4216,109steppin,1
4217,lovehave,1
4218,pleasant,1
4219,tweeple,1
4220,happyday,1
4221,110isaiah,1
4222,4315,1
4223,creator,1
4224,111come,1
4225,weary,1
4226,burdened,1
4227,1128,1
4228,112from,1
4229,faint,1
4230,psalm,1
4231,612,1
4232,nasb,1
4233,heishigher,1
4234,11322,1
4235,active,1
4236,goodness,1
4237,unrestricted,1
4238,ruthless,1
4239,manning,1
4240,114best,1
4241,115bind,1
4242,wound,1
4243,rising,1
4244,tide,1
4245,116my,1
4246,philip,1
4247,neri,1
4248,117bjpscams,1
4249,ani_news,1
4250,election,1
4251,nearing,1
4252,bihar,1
4253,sickularism,1
4254,118jer,1
4255,2011,1
4256,mighty,1
4257,warrior,1
4258,persecutor,1
4259,stumble,1
4260,prevail,1
4261,119by,1
4262,fuzz,1
4263,120i,1
4264,demon,1
4265,judged,1
4266,121as,1
4267,portrays,1
4268,himthe,1
4269,wacko,1
4270,122one,1
4271,knee,1
4272,blowjob,1
4273,betsy,1
4274,religionisbullshit,1
4275,123i,1
4276,ethic,1
4277,inc,1
4278,bt,1
4279,sociocultl,1
4280,geopoliticl,1
4281,context,1
4282,124what,1
4283,whenever,1
4284,eritrea,1
4285,125we,1
4286,godanswersprayers,1
4287,126enough,1
4288,sneaking,1
4289,secrecy,1
4290,127maisie_williams,1
4291,128choose,1
4292,wtl,1
4293,apologetics,1
4294,deadtosin,1
4295,aliveinchrist,1
4296,129aigkenham,1
4297,athe1stp0wer,1
4298,compromise,1
4299,130with,1
4300,boyscouts,1
4301,bigoted,1
4302,practice,1
4303,rejecting,1
4304,scout,1
4305,131subtract,1
4306,archaic,1
4307,theocracy,1
4308,132flipflops,1
4309,diety,1
4310,inventor,1
4311,133mark,1
4312,83638kjv,1
4313,profit,1
4314,134why,1
4315,compared,1
4316,successful,1
4317,millionairedonaldtrump,1
4318,acn,1
4319,135question,1
4320,comprehend,1
4321,universe,1
4322,began,1
4323,136evrttbrd,1
4324,precious,1
4325,omg,1
4326,europe4jesus,1
4327,awakeningeurope,1
4328,benfitz,1
4329,bethel,1
4330,paulyman,1
4331,heidsbakes,1
4332,jc,1
4333,abba,1
4334,137movingdisaster,1
4335,roomansi2010,1
4336,messiah,1
4337,138if,1
4338,realising,1
4339,139truthway_eng,1
4340,command,1
4341,au,1
4342,140what,1
4343,needing,1
4344,religiousfreedom,1
4345,141patriotism,1
4346,humanism,1
4347,142bethany,1
4348,hamilton,1
4349,resting,1
4350,unknow,1
4351,biblestudy,1
4352,christiannews,1
4353,143while,1
4354,fantasize,1
4355,thelupol,1
4356,theism,1
4357,futurism,1
4358,singularity,1
4359,ancientaliens,1
4360,144religions,1
4361,145no,1
4362,agnostic,1
4363,atheism,1
4364,146irony,1
4365,creationist,1
4366,147husbands,1
4367,ephesian,1
4368,525,1
4369,esv,1
4370,148aclu,1
4371,overnight,1
4372,149never,1
4373,devil,1
4374,150existing,1
4375,proficient,1
4376,151beginning,1
4377,rev,1
4378,1317,1
4379,buying,1
4380,relevant,1
4381,ala,1
4382,152when,1
4383,spencer,1
4384,kimball,1
4385,courage,1
4386,153rt,1
4387,xo_nayelashay,1
4388,gospel,1
4389,lift,1
4390,154mark,1
4391,63536,1
4392,scaring,1
4393,hindering,1
4394,rccgtr,1
4395,155pseud0_anon,1
4396,suhaibsaqib1,1
4397,raising,1
4398,156i,1
4399,boring,1
4400,madonna,1
4401,ciccone,1
4402,157hemamalini,1
4403,twice,1
4404,158how,1
4405,insanity,1
4406,skygod,1
4407,159jaikrishnashree,1
4408,italianchachi420,1
4409,udfldf,1
4410,kerala,1
4411,backward,1
4412,cluelss,1
4413,marxism,1
4414,160surely,1
4415,sovereign,1
4416,prophet,1
4417,amos3v7,1
4418,161loving,1
4419,selflove,1
4420,162proverbs,1
4421,285,1
4422,judgment,1
4423,163as,1
4424,fuckharper,1
4425,ndp,1
4426,fuckcons,1
4427,164my,1
4428,longlife,1
4429,165i,1
4430,ap,1
4431,describe,1
4432,166man,1
4433,savior,1
4434,167wed,1
4435,lucy,1
4436,dee,1
4437,podcast,1
4438,168life,1
4439,certainly,1
4440,humbling,1
4441,trial,1
4442,tribulation,1
4443,169check,1
4444,randi,1
4445,skeptic,1
4446,170the,1
4447,organised,1
4448,structured,1
4449,bullying,1
4450,171just,1
4451,housing,1
4452,education,1
4453,172jesus,1
4454,notdead,1
4455,173foxnews,1
4456,patriot_girl_tx,1
4457,toddstarnes,1
4458,oregongovbrown,1
4459,stepping,1
4460,rescind,1
4461,174sensanders,1
4462,unconditionally,1
4463,175i,1
4464,username,1
4465,176saberinze,1
4466,thebricspost,1
4467,nato,1
4468,177lord,1
4469,abundance,1
4470,jer,1
4471,336,1
4472,178this,1
4473,atoning,1
4474,410,1
4475,179islamicscholars,1
4476,rethink,1
4477,holyquran,1
4478,hadith,1
4479,180rt,1
4480,paulgetter,1
4481,181bless,1
4482,182after,1
4483,sheila,1
4484,munni,1
4485,razia,1
4486,item,1
4487,183,1
4488,desirest,1
4489,canst,1
4490,184the,1
4491,respectbeliefs,1
4492,stopwar,1
4493,185john,1
4494,1011,1
4495,lay,1
4496,hallelujah,1
4497,186its,1
4498,missionary,1
4499,futuremissionary,1
4500,shallnotfear,1
4501,187luke,1
4502,1159,1
4503,1818,1
4504,avenge,1
4505,adversary,1
4506,pstpeterock,1
4507,empowermentservice,1
4508,188god,1
4509,yhwh,1
4510,yeshua,1
4511,189if,1
4512,brought,1
4513,godknows,1
4514,whathedoing,1
4515,bepatient,1
4516,trustandbelieve,1
4517,190that,1
4518,aunt,1
4519,clutch,1
4520,191before,1
4521,proceed,1
4522,directionprayer,1
4523,startup,1
4524,thinkandgrowrich,1
4525,192the,1
4526,shine,1
4527,92,1
4528,193sing,1
4529,hath,1
4530,125,1
4531,blessing,1
4532,194a,1
4533,responsibly,1
4534,regret,1
4535,amwriting,1
4536,amreading,1
4537,195azerbaijan,1
4538,ilham,1
4539,aliyevs,1
4540,vom,1
4541,196the,1
4542,197ageoftheatheist,1
4543,purpose,1
4544,198give,1
4545,199in,1
4546,blunts,1
4547,200when,1
4548,distinction,1
4549,studying,1
4550,201religion,1
4551,202i,1
4552,203brasilmagic,1
4553,neiltyson,1
4554,2b,1
4555,focus,1
4556,204there,1
4557,placed,1
4558,heartthey,1
4559,destiny,1
4560,205muhammadali,1
4561,except,1
4562,imaginary,1
4563,206atheistq,1
4564,guidance,1
4565,2072,1
4566,dancing,1
4567,cancered,1
4568,208you,1
4569,parcel,1
4570,embrace,1
4571,209all,1
4572,210yacuz,1
4573,nicky,1
4574,hilton,1
4575,marry,1
4576,rothschild,1
4577,2118,1
4578,rosary,1
4579,212heap,1
4580,mischief,1
4581,arrow,1
4582,deut,1
4583,3223,1
4584,213god,1
4585,unconditionallove,1
4586,214should,1
4587,215shit,1
4588,2161of,1
4589,apologise,1
4590,analogy,1
4591,217how,1
4592,wwiii,1
4593,wwwiv,1
4594,u9tedwestand,1
4595,endmisogyny,1
4596,loveyourneighbor,1
4597,218the,1
4598,whoever,1
4599,lean,1
4600,fortunate,1
4601,219where,1
4602,newhorizons2015,1
4603,newhorizons,1
4604,plutoflyby,1
4605,220no,1
4606,claudia,1
4607,godisloveislove,1
4608,blacklives,1
4609,221closed,1
4610,entity,1
4611,gcf,1
4612,222what,1
4613,energiewende,1
4614,decarbonizer,1
4615,tolerate,1
4616,223climasphere,1
4617,stocker,1
4618,oceanacidification,1
4619,224a,1
4620,memory,1
4621,sterner,1
4622,wberry,1
4623,225boni,1
4624,coast,1
4625,226climasphere,1
4626,bony,1
4627,windstorm,1
4628,frequentintense,1
4629,227camille,1
4630,h12,1
4631,2285,1
4632,metaanalyses,1
4633,camille,1
4634,229it,1
4635,literarly,1
4636,bus,1
4637,230grubb,1
4638,shift,1
4639,eu,1
4640,netproducer,1
4641,netimporter,1
4642,231interesting,1
4643,speaker,1
4644,maarten,1
4645,van,1
4646,aalst,1
4647,federation,1
4648,humanitarian,1
4649,232putting,1
4650,regard,1
4651,dion,1
4652,gm,1
4653,233grow,1
4654,dominoeffect,1
4655,234this,1
4656,halcyon,1
4657,doug,1
4658,kelbaugh,1
4659,cnu23,1
4660,declarationsignee,1
4661,235soundofideas,1
4662,236citizens,1
4663,climwarn,1
4664,237that,1
4665,realised,1
4666,canadaburns,1
4667,238we,1
4668,fossilfuel,1
4669,maintain,1
4670,gradual,1
4671,239defrance,1
4672,displacement,1
4673,migration,1
4674,cfcc,1
4675,s2242,1
4676,240loic,1
4677,stopfamine,1
4678,behealthy,1
4679,241we,1
4680,inherit,1
4681,borrow,1
4682,conservation,1
4683,perspective,1
4684,242vj44,1
4685,wed,1
4686,solar,1
4687,pge,1
4688,243rsaeconomy,1
4689,greater,1
4690,richer,1
4691,slow,1
4692,transition,1
4693,244its,1
4694,isreal,1
4695,245we,1
4696,sustainable,1
4697,cfigueres,1
4698,sdgs,1
4699,climateaction,1
4700,246rachelnotley,1
4701,jobcreating,1
4702,located,1
4703,alberta,1
4704,taxbreaks,1
4705,247missionclimate,1
4706,renewable,1
4707,utility,1
4708,avekathleen,1
4709,impactisreal,1
4710,248theres,1
4711,249alanbrownsnp,1
4712,hs2,1
4713,environmentthey,1
4714,regular,1
4715,250as,1
4716,deep,1
4717,tarsands,1
4718,christyclarks,1
4719,251also,1
4720,super,1
4721,weatherproblems,1
4722,lame,1
4723,252thewayneking,1
4724,ricksantorum,1
4725,hardball,1
4726,hardball_chris,1
4727,heusing,1
4728,ref,1
4729,safety,1
4730,weaponsaddressing,1
4731,253eager,1
4732,prosperity,1
4733,hfxpublib,1
4734,hosted,1
4735,ecologyaction,1
4736,carbonpricing,1
4737,jobsjusticeclimate,1
4738,254the,1
4739,carbontrading,1
4740,ambitious,1
4741,ghg,1
4742,reduction,1
4743,nspoli,1
4744,255jiminhofe,1
4745,anthropogenicthat,1
4746,snowballjim,1
4747,256i,1
4748,seattle,1
4749,257on,1
4750,scale,1
4751,whistler,1
4752,35,1
4753,wildfire,1
4754,258catethegreat52,1
4755,catherine,1
4756,civilisation,1
4757,259its,1
4758,exciting,1
4759,urgenda,1
4760,260we,1
4761,melt,1
4762,261mdrewnz,1
4763,nzgreens,1
4764,canterbury,1
4765,nz,1
4766,generationzer0,1
4767,262sam6869,1
4768,biosphere,1
4769,brink,1
4770,collapse,1
4771,deforestation,1
4772,6thextinction,1
4773,263chadcowie,1
4774,indigenous,1
4775,264turn,1
4776,liverpool,1
4777,mineis,1
4778,foodbowl,1
4779,265cbsnewyork,1
4780,manmade,1
4781,266seems,1
4782,moron,1
4783,lnpfail,1
4784,keepitintheground,1
4785,267the,1
4786,taunting,1
4787,pnw,1
4788,268what,1
4789,reverse,1
4790,inspire,1
4791,savepolarbear,1
4792,269you,1
4793,indoor,1
4794,270havent,1
4795,inch,1
4796,bcpoli,1
4797,vancouver,1
4798,yvr,1
4799,realrenewables,1
4800,271gwillaumau,1
4801,timpoliti,1
4802,abcthedrum,1
4803,whelan60,1
4804,chrisberg,1
4805,inconvenient,1
4806,warranted,1
4807,shrink,1
4808,rotflmao,1
4809,272will,1
4810,australia,1
4811,273now,1
4812,weatherchange,1
4813,274climate,1
4814,zim,1
4815,275missionclimate,1
4816,escape,1
4817,276counting,1
4818,phd,1
4819,77,1
4820,tephrochronology,1
4821,southernhemisphere,1
4822,chronology,1
4823,oxford,1
4824,277today,1
4825,europe,1
4826,asia,1
4827,lowest,1
4828,concerned,1
4829,278paul,1
4830,leadley,1
4831,biodiversity,1
4832,scenario,1
4833,h22,1
4834,279our,1
4835,cardboard,1
4836,joshpaulevans,1
4837,tearfundrhythms,1
4838,cscw_uk,1
4839,youth,1
4840,280dhakal,1
4841,silver,1
4842,devise,1
4843,localspecific,1
4844,281follow,1
4845,climatparis2015,1
4846,conference,1
4847,282am,1
4848,spot,1
4849,protecting,1
4850,283food,1
4851,intertwined,1
4852,l25,1
4853,284its,1
4854,chicagoweather,1
4855,285adaptation,1
4856,reduces,1
4857,enhances,1
4858,286mapsprogramme,1
4859,difficult,1
4860,challenge,1
4861,growth,1
4862,unemployment,1
4863,287much,1
4864,2200,1
4865,researcher,1
4866,uniting,1
4867,288earth,1
4868,finite,1
4869,dividend,1
4870,diversity,1
4871,289obama,1
4872,exploration,1
4873,arctic,1
4874,highest,1
4875,standardsbs,1
4876,shellno,1
4877,290richardtuffin,1
4878,tuvalu,1
4879,forefront,1
4880,dealing,1
4881,realist,1
4882,291a,1
4883,discussionruth,1
4884,valerio,1
4885,arochauk,1
4886,premier,1
4887,radio,1
4888,revcindy1,1
4889,affecting,1
4890,encyclical,1
4891,292be,1
4892,beneath,1
4893,foot,1
4894,293also,1
4895,brazilian,1
4896,central,1
4897,savanna,1
4898,pinnacle,1
4899,dry,1
4900,294avg,1
4901,consumes,1
4902,10656,1
4903,2006,1
4904,gore,1
4905,devoured,1
4906,221000,1
4907,x,1
4908,nat,1
4909,average,1
4910,295please,1
4911,clarify,1
4912,osbourne,1
4913,renewables,1
4914,futureoftheplanet,1
4915,296participation,1
4916,essential,1
4917,wjamann,1
4918,agcop21,1
4919,cgiarclimate,1
4920,297we,1
4921,acknowledging,1
4922,s2228,1
4923,298foxnews,1
4924,climatechangedenier,1
4925,299kca,1
4926,climatecommrpb,1
4927,diet,1
4928,planet,1
4929,300jimharris,1
4930,flattered,1
4931,301davidsuzukifdn,1
4932,cleanenergycan,1
4933,hydro,1
4934,fix,1
4935,dirty,1
4936,alt,1
4937,foodorheat,1
4938,302asthma,1
4939,chicago,1
4940,lvejo,1
4941,wasserman,1
4942,cleanair4kids,1
4943,303the,1
4944,humidity,1
4945,floridaproblems,1
4946,304iluvco2,1
4947,ungeneva,1
4948,wmonews,1
4949,pariscop21,1
4950,viewbut,1
4951,305havent,1
4952,mountain,1
4953,306ucsusa,1
4954,nscpress,1
4955,dhsgov,1
4956,capitalist,1
4957,wrecked,1
4958,economy08now,1
4959,misleadinginvestors,1
4960,307jared,1
4961,308ucsusa,1
4962,pmharper,1
4963,thomasmulcair,1
4964,kathleen_wynne,1
4965,fossilfuels,1
4966,misleading,1
4967,liability,1
4968,309actually,1
4969,terrifying,1
4970,climatecrisis,1
4971,iss15,1
4972,310gone,1
4973,max,1
4974,cape,1
4975,311zinta,1
4976,zommers,1
4977,unified,1
4978,tool,1
4979,variability,1
4980,312missionclimate,1
4981,dishwasher,1
4982,gaiam,1
4983,313the,1
4984,froze,1
4985,314living,1
4986,unexamined,1
4987,disastrous,1
4988,action2015,1
4989,315stormchaser4850,1
4990,middleamericams,1
4991,noaa,1
4992,hottest,1
4993,316climate,1
4994,pre,1
4995,historic,1
4996,cave,1
4997,dweller,1
4998,governor,1
4999,jerry,1
